"agency_cd","site_no","sample_dt","sample_tm","sample_end_dt","sample_end_tm","tm_datum_rlbty_cd","coll_ent_cd","medium_cd","project_cd","aqfr_cd","tu_id","body_part_id","hyd_cond_cd","samp_type_cd","hyd_event_cd","sample_lab_cm_tx","sample_start_time_datum_cd_reported","sample_end_time_datum_cd_reported","startDateTime","tz_cd","remark_cd_00300","result_va_00300","val_qual_tx_00300","meth_cd_00300","dqi_cd_00300","rpt_lev_va_00300","rpt_lev_cd_00300","lab_std_va_00300","prep_set_no_00300","prep_dt_00300","anl_set_no_00300","anl_dt_00300","result_lab_cm_tx_00300","anl_ent_cd_00300"
"USGS","12505450",2008-08-05,"10:10",NA,NA,"K","USGS-WRD","WS","9722CRMCC",NA,NA,NA,"9","9","9",NA,"PDT","PDT",2008-08-05 17:10:00,"UTC",NA,7.7,NA,"MEMBR","R",NA,NA,NA,NA,NA,NA,NA,NA,"USGS-WRD"
"USGS","12505450",2009-10-20,"10:40",NA,NA,"K","USGS-WRD","WS","9722CRMCC",NA,NA,NA,"9","9","9","A-2940007 Attention: Charlie Patton TPCN Vol filtered = 25mLs filtered","PDT","PDT",2009-10-20 17:40:00,"UTC",NA,10.4,NA,"MEMBR","R",NA,NA,NA,NA,NA,NA,NA,NA,"USGS-WRD"
"USGS","12505450",2009-11-19,"11:00",NA,NA,"K","USGS-WRD","WS","9722CRMCC",NA,NA,NA,"9","9","9","A-3240180 Attention: Charlie Patton TPCN Vol filtered = 50mLs per filter","PST","PST",2009-11-19 19:00:00,"UTC",NA,9.8,NA,"MEMBR","R",NA,NA,NA,NA,NA,NA,NA,NA,"USGS-WRD"
"USGS","12505450",2009-12-15,"11:40",NA,NA,"K","USGS-WRD","WS","9722CRMCC",NA,NA,NA,"9","9","9","A-3510169 Attention: Charlie Patton TPCN Vol filtered = 50mLs per filter","PST","PST",2009-12-15 19:40:00,"UTC",NA,10.1,NA,"MEMBR","R",NA,NA,NA,NA,NA,NA,NA,NA,"USGS-WRD"
"USGS","12505450",2010-01-20,"10:50",NA,NA,"K","USGS-WRD","WS","9722CRMCC",NA,NA,NA,"9","9","9","A-0210092 Attention: Charlie Patton TPCN vol filtered = 50mLs per filter","PST","PST",2010-01-20 18:50:00,"UTC",NA,8.4,NA,"MEMBR","R",NA,NA,NA,NA,NA,NA,NA,NA,NA
"USGS","12505450",2010-02-23,"10:30",NA,NA,"K","USGS-WRD","WS","9722CRMCC",NA,NA,NA,"9","9","9","A-0550072 Attention: Charlie Patton TPCN. Vol filtered = 50mLs per filter","PST","PST",2010-02-23 18:30:00,"UTC",NA,10,NA,"MEMBR","R",NA,NA,NA,NA,NA,NA,NA,NA,NA
"USGS","12505450",2010-03-15,"10:20",NA,NA,"K","USGS-WRD","WS","9722CRMCC",NA,NA,NA,"9","9","9","A-0750170 Attention: Charlie Patton TPCN Vol filtered = 50mLs per filter","PDT","PDT",2010-03-15 17:20:00,"UTC",NA,9.9,NA,"MEMBR","R",NA,NA,NA,NA,NA,NA,NA,NA,NA
"USGS","12505450",2010-04-19,"11:30",NA,NA,"K","USGS-WRD","WS","9722CRMCC",NA,NA,NA,"9","9","9","A-1100072 Attention: Charlie Patton TPCN Volume filtered = 25mLs per filter.","PDT","PDT",2010-04-19 18:30:00,"UTC",NA,10.1,NA,"MEMBR","R",NA,NA,NA,NA,NA,NA,NA,NA,NA
"USGS","12505450",2010-05-03,"10:10",NA,NA,"K","USGS-WRD","WS","9722CRMCC",NA,NA,NA,"9","7","9","A-1250081 Attention: Charlie Patton TPCN vol filtered = 15mLs/filter","PDT","PDT",2010-05-03 17:10:00,"UTC",NA,9.7,NA,"MEMBR","R",NA,NA,NA,NA,NA,NA,NA,NA,NA
"USGS","12505450",2010-05-17,"10:40",NA,NA,"K","USGS-WRD","WS","9722CRMCC",NA,NA,NA,"9","7","9","A-1380048 Attention: Charlie Patton TPCN. Vol filtered = 15mLs per filter.","PDT","PDT",2010-05-17 17:40:00,"UTC",NA,8.7,NA,"MEMBR","R",NA,NA,NA,NA,NA,NA,NA,NA,NA
"USGS","12505450",2010-05-24,"11:40",NA,NA,"K","USGS-WRD","WS","9722CRMCC",NA,NA,NA,"9","9","9","A-1450108 Attention: Charlie Patton TPCN. Vol filtered = 15mLs per filter","PDT","PDT",2010-05-24 18:40:00,"UTC",NA,10.2,NA,"MEMBR","R",NA,NA,NA,NA,NA,NA,NA,NA,NA
"USGS","12505450",2010-06-01,"10:50",NA,NA,"K","USGS-WRD","WS","9722CRMCC",NA,NA,NA,"9","9","9","A-1540196 Attention: Charlie Patton TPCN Vol filtered = 20mLs per filter","PDT","PDT",2010-06-01 17:50:00,"UTC",NA,9.9,NA,"MEMBR","R",NA,NA,NA,NA,NA,NA,NA,NA,NA
"USGS","12505450",2010-06-21,"10:30",NA,NA,"K","USGS-WRD","WS","9722CRMCC",NA,NA,NA,"9","9","9","A-1730114 Attention: Charlie Patton TPCN, Vol filtered = 20mLs per filter.","PDT","PDT",2010-06-21 17:30:00,"UTC",NA,9.7,NA,"MEMBR","R",NA,NA,NA,NA,NA,NA,NA,NA,NA
"USGS","12505450",2010-06-28,"10:30",NA,NA,"K","USGS-WRD","WS","9722CRMCC",NA,NA,NA,"9","7","9","A-1800028 Attention: Charlie Patton TPCN Vol filtered = 25mLs per filter.","PDT","PDT",2010-06-28 17:30:00,"UTC",NA,8.8,NA,"MEMBR","R",NA,NA,NA,NA,NA,NA,NA,NA,NA
"USGS","12505450",2010-07-06,"10:20",NA,NA,"K","USGS-WRD","WS","9722CRMCC",NA,NA,NA,"6","9","9",NA,"PDT","PDT",2010-07-06 17:20:00,"UTC",NA,8.8,NA,"MEMBR","R",NA,NA,NA,NA,NA,NA,NA,NA,NA
"USGS","12505450",2010-07-19,"11:10",NA,NA,"K","USGS-WRD","WS","9722CRMCC",NA,NA,NA,"9","9","9",NA,"PDT","PDT",2010-07-19 18:10:00,"UTC",NA,8.5,NA,"MEMBR","R",NA,NA,NA,NA,NA,NA,NA,NA,NA
"USGS","12505450",2010-07-27,"10:40",NA,NA,"K","USGS-WRD","WS","9722CRMCC",NA,NA,NA,"9","9","9",NA,"PDT","PDT",2010-07-27 17:40:00,"UTC",NA,7.9,NA,"MEMBR","R",NA,NA,NA,NA,NA,NA,NA,NA,NA
"USGS","12505450",2010-08-10,"10:30",NA,NA,"K","USGS-WRD","WS","9722CRMCC",NA,NA,NA,"9","9","9",NA,"PDT","PDT",2010-08-10 17:30:00,"UTC",NA,8,NA,"MEMBR","R",NA,NA,NA,NA,NA,NA,NA,NA,NA
"USGS","12505450",2010-08-16,"10:20",NA,NA,"K","USGS-WRD","WS","9722CRMCC",NA,NA,NA,"6","9","9","L-2290108 X = Recvd warm Per Copeland ok to login, PG Chilled containers received warm at 9.6   Degrees C","PDT","PDT",2010-08-16 17:20:00,"UTC",NA,8,NA,"MEMBR","R",NA,NA,NA,NA,NA,NA,NA,NA,NA
"USGS","12505450",2010-08-31,"10:10",NA,NA,"K","USGS-WRD","WS","9722CRMCC",NA,NA,NA,"6","7","9",NA,"PDT","PDT",2010-08-31 17:10:00,"UTC",NA,8.6,NA,"MEMBR","R",NA,NA,NA,NA,NA,NA,NA,NA,NA
"USGS","12505450",2010-09-13,"10:00",NA,NA,"K","USGS-WRD","WS","CCYK",NA,NA,NA,"9","9","9",NA,"PDT","PDT",2010-09-13 17:00:00,"UTC",NA,8.6,NA,"MEMBR","R",NA,NA,NA,NA,NA,NA,NA,NA,NA
"USGS","12505450",2010-09-27,"08:40",NA,NA,"K","USGS-WRD","WS","9722CRMCC",NA,NA,NA,"9","9","9",NA,"PDT","PDT",2010-09-27 15:40:00,"UTC",NA,8.5,NA,"MEMBR","R",NA,NA,NA,NA,NA,NA,NA,NA,NA
"USGS","12505450",2010-10-04,"12:00",NA,NA,"K","USGS-WRD","BP","CCYK",NA,"0","59","X","9","X","A-2790013 RTH: Sample Area = ?cm2; Sample Vol per filter = 3mL; Total Vol = 203mL","PDT","PDT",2010-10-04 19:00:00,"UTC",NA,10,NA,"MEMBR","R",NA,NA,NA,NA,NA,NA,NA,NA,NA
"USGS","12505450",2012-10-11,"09:40",NA,NA,"K","USGS","WS","CCYK",NA,NA,NA,"9","9","9","A-2860098 20mL of filtered sample used for PEST","PDT","PDT",2012-10-11 16:40:00,"UTC",NA,9.4,NA,"LUMIN","R",NA,NA,NA,NA,NA,NA,NA,NA,"USGS-WRD"
"USGS","12505450",2012-11-06,"10:00",NA,NA,"K","USGS","WS","CCYK",NA,NA,NA,"9","9","9","A-3120115 21mL of filtered sample water used for PEST. L-3120115 corrected proposal to CL13NAWWA, WSC emailed for verify, paa, 11/9/12","PST","PST",2012-11-06 18:00:00,"UTC",NA,9.3,NA,"LUMIN","R",NA,NA,NA,NA,NA,NA,NA,NA,"USGS-WRD"
"USGS","12505450",2012-12-05,"11:10",NA,NA,"K","USGS","WS","CCYK",NA,NA,NA,"9","9","9",NA,"PST","PST",2012-12-05 19:10:00,"UTC",NA,8.7,NA,"LUMIN","R",NA,NA,NA,NA,NA,NA,NA,NA,"USGS-WRD"
"USGS","12505450",2013-01-09,"09:40",NA,NA,"K","USGS","WS","CCYK",NA,NA,NA,"9","9","9",NA,"PST","PST",2013-01-09 17:40:00,"UTC",NA,8.9,NA,"LUMIN","R",NA,NA,NA,NA,NA,NA,NA,NA,"USGS-WRD"
"USGS","12505450",2013-02-05,"11:30",NA,NA,"K","USGS","WS","CCYK",NA,NA,NA,"9","9","9","A-0370063 20mL of water filtered for pesticide sch 2437","PST","PST",2013-02-05 19:30:00,"UTC",NA,9.3,NA,"LUMIN","R",NA,NA,NA,NA,NA,NA,NA,NA,"USGS-WRD"
"USGS","12505450",2013-02-20,"09:30",NA,NA,"K","USGS","WS","CCYK",NA,NA,NA,"9","9","9",NA,"PST","PST",2013-02-20 17:30:00,"UTC",NA,9.6,NA,"LUMIN","R",NA,NA,NA,NA,NA,NA,NA,NA,"USGS-WRD"
"USGS","12505450",2013-03-06,"09:20",NA,NA,"K","USGS","WS","CCYK",NA,NA,NA,"9","9","9",NA,"PST","PST",2013-03-06 17:20:00,"UTC",NA,8.4,NA,"LUMIN","R",NA,NA,NA,NA,NA,NA,NA,NA,"USGS-WRD"
"USGS","12505450",2013-03-20,"09:30",NA,NA,"K","USGS","WS","CCYK",NA,NA,NA,"9","9","9","LabSampleID: 280-43647-19","PDT","PDT",2013-03-20 16:30:00,"UTC",NA,8.9,NA,"LUMIN","R",NA,NA,NA,NA,NA,NA,NA,NA,"USGS-WRD"
"USGS","12505450",2013-04-09,"08:30",NA,NA,"K","USGS","WS","CCYK",NA,NA,NA,"6","9","9","LabSampleID: 560-42185-12","PDT","PDT",2013-04-09 15:30:00,"UTC",NA,9.4,NA,"LUMIN","R",NA,NA,NA,NA,NA,NA,NA,NA,"USGS-WRD"
"USGS","12505450",2013-04-24,"09:10",NA,NA,"K","USGS","WS","CCYK",NA,NA,NA,"9","9","9",NA,"PDT","PDT",2013-04-24 16:10:00,"UTC",NA,9.3,NA,"LUMIN","R",NA,NA,NA,NA,NA,NA,NA,NA,"USGS-WRD"
"USGS","12505450",2013-05-07,"09:10",NA,NA,"K","USGS","WS","CCYK",NA,NA,NA,"9","9","9",NA,"PDT","PDT",2013-05-07 16:10:00,"UTC",NA,9.1,NA,"LUMIN","R",NA,NA,NA,NA,NA,NA,NA,NA,"USGS-WRD"
"USGS","12505450",2013-05-15,"10:20",NA,NA,"K","USGS","WS","CCYK",NA,NA,NA,"9","9","9",NA,"PDT","PDT",2013-05-15 17:20:00,"UTC",NA,9.4,NA,"LUMIN","R",NA,NA,NA,NA,NA,NA,NA,NA,"USGS-WRD"
"USGS","12505450",2013-05-22,"08:10",NA,NA,"K","USGS","WS","CCYK",NA,NA,NA,"6","9","9",NA,"PDT","PDT",2013-05-22 15:10:00,"UTC",NA,7.9,NA,"LUMIN","R",NA,NA,NA,NA,NA,NA,NA,NA,"USGS-WRD"
"USGS","12505450",2013-06-05,"09:20",NA,NA,"K","USGS","WS","CCYK",NA,NA,NA,"9","9","9",NA,"PDT","PDT",2013-06-05 16:20:00,"UTC",NA,9.6,NA,"LUMIN","R",NA,NA,NA,NA,NA,NA,NA,NA,"USGS-WRD"
"USGS","12505450",2013-06-12,"09:40",NA,NA,"K","USGS","WS","CCYK",NA,NA,NA,"9","9","9","L-1640134 X = Only 1 DIC needed, PG","PDT","PDT",2013-06-12 16:40:00,"UTC",NA,10,NA,"LUMIN","R",NA,NA,NA,NA,NA,NA,NA,NA,"USGS-WRD"
"USGS","12505450",2013-06-19,"08:50",NA,NA,"K","USGS","WS","CCYK",NA,NA,NA,"9","9","9","L-1720026 Received June 20,2013","PDT","PDT",2013-06-19 15:50:00,"UTC",NA,8.5,NA,"LUMIN","R",NA,NA,NA,NA,NA,NA,NA,NA,"USGS-WRD"
"USGS","12505450",2013-07-10,"09:00",NA,NA,"K","USGS","WS","CCYK",NA,NA,NA,"9","9","9",NA,"PDT","PDT",2013-07-10 16:00:00,"UTC",NA,8.4,NA,"LUMIN","R",NA,NA,NA,NA,NA,NA,NA,NA,"USGS-WRD"
"USGS","12505450",2013-07-17,"10:50",NA,NA,"K","USGS","WS","CCYK",NA,NA,NA,"9","9","9",NA,"PDT","PDT",2013-07-17 17:50:00,"UTC",NA,10.1,NA,"LUMIN","R",NA,NA,NA,NA,NA,NA,NA,NA,"USGS-WRD"
"USGS","12505450",2013-07-24,"10:30",NA,NA,"K","USGS","WS","CCYK",NA,NA,NA,"9","9","9","A-2070118 Field Replicate L-2070118 Received July 25, 2013","PDT","PDT",2013-07-24 17:30:00,"UTC",NA,9.1,NA,"LUMIN","R",NA,NA,NA,NA,NA,NA,NA,NA,"USGS-WRD"
"USGS","12505450",2013-08-07,"08:10",NA,NA,"K","USGSWAWC","WS","CCYK",NA,NA,NA,"9","9","9","L-2210116 Received August 08, 2013","PDT","PDT",2013-08-07 15:10:00,"UTC",NA,7,NA,"LUMIN","R",NA,NA,NA,NA,NA,NA,NA,NA,"USGS-WRD"
"USGS","12505450",2013-08-14,"08:30",NA,NA,"K","USGSWAWC","WS","CCYK",NA,NA,NA,"9","9","9",NA,"PDT","PDT",2013-08-14 15:30:00,"UTC",NA,7.3,NA,"LUMIN","R",NA,NA,NA,NA,NA,NA,NA,NA,"USGS-WRD"
"USGS","12505450",2013-08-20,"10:20",NA,NA,"K","USGSWAWC","WS","CCYK",NA,NA,NA,"9","9","9",NA,"PDT","PDT",2013-08-20 17:20:00,"UTC",NA,8.4,NA,"LUMIN","R",NA,NA,NA,NA,NA,NA,NA,NA,"USGS-WRD"
"USGS","12505450",2013-09-04,"08:50",NA,NA,"K","USGSWAWC","WS","CCYK",NA,NA,NA,"9","9","9",NA,"PDT","PDT",2013-09-04 15:50:00,"UTC",NA,7.9,NA,"LUMIN","R",NA,NA,NA,NA,NA,NA,NA,NA,"USGS-WRD"
"USGS","12505450",2013-09-18,"09:00",NA,NA,"K","USGSWAWC","WS","CCYK",NA,NA,NA,"9","9","9",NA,"PDT","PDT",2013-09-18 16:00:00,"UTC",NA,7.4,NA,"LUMIN","R",NA,NA,NA,NA,NA,NA,NA,NA,"USGS-WRD"
"USGS","12505450",2013-10-23,"08:40",NA,NA,"K","USGSWAWC","WS","CCYK",NA,NA,NA,"9","9","9",NA,"PDT","PDT",2013-10-23 15:40:00,"UTC",NA,8.7,NA,"LUMIN","R",NA,NA,NA,NA,NA,NA,NA,NA,"USGS-WRD"
"USGS","12505450",2013-11-06,"08:40",NA,NA,"K","USGSWAWC","WS","CCYK",NA,NA,NA,"9","9","9",NA,"PST","PST",2013-11-06 16:40:00,"UTC",NA,8.2,NA,"LUMIN","R",NA,NA,NA,NA,NA,NA,NA,NA,"USGS-WRD"
"USGS","12505450",2013-12-10,"09:00",NA,NA,"K","USGSWAWC","WS","CCYK",NA,NA,NA,"9","9","9",NA,"PST","PST",2013-12-10 17:00:00,"UTC",NA,10,NA,"LUMIN","R",NA,NA,NA,NA,NA,NA,NA,NA,"USGS-WRD"
"USGS","12505450",2014-01-08,"08:50",NA,NA,"K","USGS-WRD","WS","CCYK",NA,NA,NA,"9","9","9",NA,"PST","PST",2014-01-08 16:50:00,"UTC",NA,9.5,NA,"MEMBR","R",NA,NA,NA,NA,NA,NA,NA,NA,"USGS-WRD"
"USGS","12505450",2014-02-19,"08:00",NA,NA,"K","USGS-WRD","WS","CCYK",NA,NA,NA,"9","9","9",NA,"PST","PST",2014-02-19 16:00:00,"UTC",NA,9.1,NA,"MEMBR","R",NA,NA,NA,NA,NA,NA,NA,NA,"USGS-WRD"
"USGS","12505450",2014-03-05,"08:50",NA,NA,"K","USGS-WRD","WS","CCYK",NA,NA,NA,"9","9","9",NA,"PST","PST",2014-03-05 16:50:00,"UTC",NA,9.7,NA,"MEMBR","R",NA,NA,NA,NA,NA,NA,NA,NA,"USGS-WRD"
"USGS","12505450",2014-03-20,"08:20",NA,NA,"K","USGS-WRD","WS","CCYK",NA,NA,NA,"9","9","9",NA,"PDT","PDT",2014-03-20 15:20:00,"UTC",NA,9.5,NA,"MEMBR","R",NA,NA,NA,NA,NA,NA,NA,NA,"USGS-WRD"
"USGS","12505450",2014-04-09,"08:00",NA,NA,"K","USGS-WRD","WS","CCYK",NA,NA,NA,"9","9","9","MM-38429A","PDT","PDT",2014-04-09 15:00:00,"UTC",NA,9.3,NA,"MEMBR","R",NA,NA,NA,NA,NA,NA,NA,NA,"USGS-WRD"
"USGS","12505450",2014-04-23,"08:40",NA,NA,"K","USGS-WRD","WS","CCYK",NA,NA,NA,"9","9","9","MM-38431A","PDT","PDT",2014-04-23 15:40:00,"UTC",NA,9.7,NA,"MEMBR","R",NA,NA,NA,NA,NA,NA,NA,NA,"USGS-WRD"
"USGS","12505450",2014-05-07,"10:00",NA,NA,"K","USGS-WRD","WS","CCYK",NA,NA,NA,"9","9","9","MM-38433A","PDT","PDT",2014-05-07 17:00:00,"UTC",NA,9.6,NA,"MEMBR","R",NA,NA,NA,NA,NA,NA,NA,NA,"USGS-WRD"
"USGS","12505450",2014-05-13,"09:00",NA,NA,"K","USGS-WRD","WS","CCYK",NA,NA,NA,"9","9","9","MM-38434A","PDT","PDT",2014-05-13 16:00:00,"UTC",NA,9.6,NA,"MEMBR","R",NA,NA,NA,NA,NA,NA,NA,NA,"USGS-WRD"
"USGS","12505450",2014-05-21,"08:15",NA,NA,"K","USGS-WRD","WS","CCYK",NA,NA,NA,"9","9","9","L-1430024 Received May 22, 2014","PDT","PDT",2014-05-21 15:15:00,"UTC",NA,9.1,NA,"MEMBR","R",NA,NA,NA,NA,NA,NA,NA,NA,"USGS-WRD"
"USGS","12505450",2014-06-04,"09:15",NA,NA,"K","USGS-WRD","WS","CCYK",NA,NA,NA,"9","9","9","L-1570069 Received June 05, 2014","PDT","PDT",2014-06-04 16:15:00,"UTC",NA,9.3,NA,"MEMBR","R",NA,NA,NA,NA,NA,NA,NA,NA,"USGS-WRD"
"USGS","12505450",2014-06-18,"08:45",NA,NA,"K","USGS-WRD","WS","CCYK",NA,NA,NA,"9","9","9","L-1710130 Received June 19, 2014","PDT","PDT",2014-06-18 15:45:00,"UTC",NA,9.5,NA,"MEMBR","R",NA,NA,NA,NA,NA,NA,NA,NA,"USGS-WRD"
"USGS","12505450",2014-06-25,"08:25",NA,NA,"K","USGS-WRD","WS","CCYK",NA,NA,NA,"9","9","9","L-1780031 Received June 26, 2014","PDT","PDT",2014-06-25 15:25:00,"UTC",NA,8.5,NA,"MEMBR","R",NA,NA,NA,NA,NA,NA,NA,NA,"USGS-WRD"
"USGS","12505450",2014-07-09,"08:00",NA,NA,"K","USGS-WRD","WS","CCYK",NA,NA,NA,"9","9","9","MM-39210A","PDT","PDT",2014-07-09 15:00:00,"UTC",NA,7.8,NA,"MEMBR","R",NA,NA,NA,NA,NA,NA,NA,NA,"USGS-WRD"
"USGS","12505450",2014-07-14,"08:30",NA,NA,"K","USGS-WRD","WS","CCYK",NA,NA,NA,"9","9","9","MM-39213A","PDT","PDT",2014-07-14 15:30:00,"UTC",NA,8.3,NA,"MEMBR","R",NA,NA,NA,NA,NA,NA,NA,NA,"USGS-WRD"
"USGS","12505450",2014-07-21,"08:30",NA,NA,"K","USGS-WRD","WS","CCYK",NA,NA,NA,"9","9","9","MM-39216A","PDT","PDT",2014-07-21 15:30:00,"UTC",NA,8.6,NA,"MEMBR","R",NA,NA,NA,NA,NA,NA,NA,NA,"USGS-WRD"
"USGS","12505450",2014-08-06,"08:20",NA,NA,"K","USGS-WRD","WS","CCYK",NA,NA,NA,"9","9","9","L-2200055 Received August 07, 2014","PDT","PDT",2014-08-06 15:20:00,"UTC",NA,7.6,NA,"MEMBR","R",NA,NA,NA,NA,NA,NA,NA,NA,"USGS-WRD"
"USGS","12505450",2014-08-12,"08:30",NA,NA,"K","USGS-WRD","WS","CCYK",NA,NA,NA,"9","9","9","MM-39217A","PDT","PDT",2014-08-12 15:30:00,"UTC",NA,7.5,NA,"MEMBR","R",NA,NA,NA,NA,NA,NA,NA,NA,"USGS-WRD"
"USGS","12505450",2014-08-19,"08:10",NA,NA,"K","USGS-WRD","WS","CCYK",NA,NA,NA,"9","9","9","L-2340187 Received August 21, 2014","PDT","PDT",2014-08-19 15:10:00,"UTC",NA,7.2,NA,"MEMBR","R",NA,NA,NA,NA,NA,NA,NA,NA,"USGS-WRD"
"USGS","12505450",2014-09-17,"08:20",NA,NA,"K","USGS-WRD","WS","CCYK",NA,NA,NA,"9","9","9","MM-39568A","PDT","PDT",2014-09-17 15:20:00,"UTC",NA,7.8,NA,"MEMBR","R",NA,NA,NA,NA,NA,NA,NA,NA,"USGS-WRD"
"USGS","12505450",2014-09-24,"08:10",NA,NA,"K","USGS-WRD","WS","CCYK",NA,NA,NA,"9","9","9","MM-39570A","PDT","PDT",2014-09-24 15:10:00,"UTC",NA,7.6,NA,"MEMBR","R",NA,NA,NA,NA,NA,NA,NA,NA,"USGS-WRD"
"USGS","12505450",2014-10-08,"08:20",NA,NA,"K","USGS-WRD","WS","00CRMCC00",NA,NA,NA,"9","9","9","MM-40319A","PDT","PDT",2014-10-08 15:20:00,"UTC",NA,8,NA,"MEMBR","R",NA,NA,NA,NA,NA,NA,NA,NA,"USGS-WRD"
"USGS","12505450",2014-11-18,"08:30",NA,NA,"K","USGS-WRD","WS","00CRMCC00",NA,NA,NA,"9","9","9","MM-40320A","PST","PST",2014-11-18 16:30:00,"UTC",NA,9.4,NA,"MEMBR","R",NA,NA,NA,NA,NA,NA,NA,NA,"USGS-WRD"
"USGS","12505450",2014-12-17,"08:20",NA,NA,"K","USGS-WRD","WS","00CRMCC00",NA,NA,NA,"9","9","9","MM-40321A","PST","PST",2014-12-17 16:20:00,"UTC",NA,8.9,NA,"MEMBR","R",NA,NA,NA,NA,NA,NA,NA,NA,"USGS-WRD"
"USGS","12505450",2015-01-08,"08:20",NA,NA,"K","USGS-WRD","WS","00CRMCC00",NA,NA,NA,"9","9","9","L-0090110 FED EX LATE DELIVERY","PST","PST",2015-01-08 16:20:00,"UTC",NA,9.2,NA,"MEMBR","R",NA,NA,NA,NA,NA,NA,NA,NA,"USGS-WRD"
"USGS","12505450",2015-02-05,"08:30",NA,NA,"K","USGS-WRD","WS","00CRMCC00",NA,NA,NA,"9","9","9","MM-41255A","PST","PST",2015-02-05 16:30:00,"UTC",NA,8.7,NA,"MEMBR","R",NA,NA,NA,NA,NA,NA,NA,NA,"USGS-WRD"
"USGS","12505450",2015-02-18,"08:50",NA,NA,"K","USGS-WRD","WS","00CRMCC00",NA,NA,NA,"9","9","9","A-0500080 PH probe failed today. No alk or pH. L-0500080 FED EX LATE DELIVERY","PST","PST",2015-02-18 16:50:00,"UTC",NA,9.7,NA,"MEMBR","R",NA,NA,NA,NA,NA,NA,NA,NA,"USGS-WRD"
"USGS","12505450",2015-03-04,"08:30",NA,NA,"K","USGS-WRD","WS","00CRMCC00",NA,NA,NA,"9","9","9","L-0650066 FED EX LATE DELIVERY","PST","PST",2015-03-04 16:30:00,"UTC",NA,10.3,NA,"MEMBR","R",NA,NA,NA,NA,NA,NA,NA,NA,"USGS-WRD"
"USGS","12505450",2015-03-26,"08:20",NA,NA,"K","USGS-WRD","WS","00CRMCC00",NA,NA,NA,"9","9","9","MM-41258A","PDT","PDT",2015-03-26 15:20:00,"UTC",NA,9.4,NA,"MEMBR","R",NA,NA,NA,NA,NA,NA,NA,NA,"USGS-WRD"
"USGS","12505450",2015-04-07,"08:40",NA,NA,"K","USGS-WRD","WS","00CRMCC00",NA,NA,NA,"9","9","9","MM-41259A","PDT","PDT",2015-04-07 15:40:00,"UTC",NA,9.7,NA,"MEMBR","R",NA,NA,NA,NA,NA,NA,NA,NA,"USGS-WRD"
"USGS","12505450",2015-04-21,"09:00",NA,NA,"K","USGS-WRD","WS","00CRMCC00",NA,NA,NA,"9","9","9","MM-41260A","PDT","PDT",2015-04-21 16:00:00,"UTC",NA,9.9,NA,"MEMBR","R",NA,NA,NA,NA,NA,NA,NA,NA,"USGS-WRD"
"USGS","12505450",2015-05-04,"09:20",NA,NA,"K","USGS-WRD","WS","00CRMCC00",NA,NA,NA,"9","9","9","L-1250005 X=time on PEST 0820","PDT","PDT",2015-05-04 16:20:00,"UTC",NA,10,NA,"MEMBR","R",NA,NA,NA,NA,NA,NA,NA,NA,"USGS-WRD"
"USGS","12505450",2015-05-08,"08:30",NA,NA,"K","USGS-WRD","WS","00CRMCC00",NA,NA,NA,"9","9","9","MM-43394A","PDT","PDT",2015-05-08 15:30:00,"UTC",NA,9.8,NA,"MEMBR","R",NA,NA,NA,NA,NA,NA,NA,NA,"USGS-WRD"
"USGS","12505450",2015-05-22,"08:50",NA,NA,"K","USGS-WRD","WS","00CRMCC00",NA,NA,NA,"9","9","9","MM-43395A","PDT","PDT",2015-05-22 15:50:00,"UTC",NA,9,NA,"MEMBR","R",NA,NA,NA,NA,NA,NA,NA,NA,"USGS-WRD"
"USGS","12505450",2015-06-04,"08:30",NA,NA,"K","USGS-WRD","WS","00CRMCC00",NA,NA,NA,"9","9","9","MM-43396A","PDT","PDT",2015-06-04 15:30:00,"UTC",NA,9.6,NA,"MEMBR","R",NA,NA,NA,NA,NA,NA,NA,NA,"USGS-WRD"
"USGS","12505450",2015-06-08,"08:40",NA,NA,"K","USGS-WRD","WS","00CRMCC00",NA,NA,NA,"9","9","9","MM-43398A","PDT","PDT",2015-06-08 15:40:00,"UTC",NA,9.9,NA,"MEMBR","R",NA,NA,NA,NA,NA,NA,NA,NA,"USGS-WRD"
"USGS","12505450",2015-06-22,"08:30",NA,NA,"K","USGS-WRD","WS","00CRMCC00",NA,NA,NA,"9","9","9","MM-43399A","PDT","PDT",2015-06-22 15:30:00,"UTC",NA,9.8,NA,"MEMBR","R",NA,NA,NA,NA,NA,NA,NA,NA,"USGS-WRD"
"USGS","12505450",2015-07-07,"08:10",NA,NA,"K","USGS-WRD","WS","00CRMCC00",NA,NA,NA,"9","9","9","MM-43401A","PDT","PDT",2015-07-07 15:10:00,"UTC",NA,8.9,NA,"MEMBR","R",NA,NA,NA,NA,NA,NA,NA,NA,"USGS-WRD"
"USGS","12505450",2015-07-14,"08:10",NA,NA,"K","USGS-WRD","WS","00CRMCC00",NA,NA,NA,"9","9","9","L-1960058 Changed WSC contact to Kathleen Conn per P. Moran, ACW, 8/13/15","PDT","PDT",2015-07-14 15:10:00,"UTC",NA,8.9,NA,"MEMBR","R",NA,NA,NA,NA,NA,NA,NA,NA,"USGS-WRD"
"USGS","12505450",2015-07-29,"08:10",NA,NA,"K","USGS-WRD","WS","00CRMCC00",NA,NA,NA,"9","9","9","MM-43403A","PDT","PDT",2015-07-29 15:10:00,"UTC",NA,8.7,NA,"MEMBR","R",NA,NA,NA,NA,NA,NA,NA,NA,"USGS-WRD"
"USGS","12505450",2015-08-10,"10:10",NA,NA,"K","USGS-WRD","WS","00CRMCC00",NA,NA,NA,"9","9","9","MM-43404A","PDT","PDT",2015-08-10 17:10:00,"UTC",NA,7.6,NA,"MEMBR","R",NA,NA,NA,NA,NA,NA,NA,NA,"USGS-WRD"
"USGS","12505450",2015-08-17,"09:20",NA,NA,"K","USGS-WRD","WS","00CRMCC00",NA,NA,NA,"9","9","9","MM-43405A","PDT","PDT",2015-08-17 16:20:00,"UTC",NA,8.8,NA,"MEMBR","R",NA,NA,NA,NA,NA,NA,NA,NA,"USGS-WRD"
"USGS","12505450",2015-08-24,"09:30",NA,NA,"K","USGS-WRD","WS","00CRMCC00",NA,NA,NA,"9","9","9","MM-43406A","PDT","PDT",2015-08-24 16:30:00,"UTC",NA,9.7,NA,"MEMBR","R",NA,NA,NA,NA,NA,NA,NA,NA,"USGS-WRD"
"USGS","12505450",2015-09-10,"08:50",NA,NA,"K","USGS-WRD","WS","00CRMCC00",NA,NA,NA,"9","9","9","MM-44115A","PDT","PDT",2015-09-10 15:50:00,"UTC",NA,10.5,NA,"MEMBR","R",NA,NA,NA,NA,NA,NA,NA,NA,"USGS-WRD"
"USGS","12505450",2015-09-14,"08:20",NA,NA,"K","USGS-WRD","WS","00CRMCC00",NA,NA,NA,"9","9","9","L-2580065 X=date on WCA bottle is 2015/09/20","PDT","PDT",2015-09-14 15:20:00,"UTC",NA,9.7,NA,"MEMBR","R",NA,NA,NA,NA,NA,NA,NA,NA,"USGS-WRD"
"USGS","12505450",2015-10-14,"08:20",NA,NA,"K","USGS-WRD","WS","00G1ECC00",NA,NA,NA,"9","9","9",NA,"PDT","PDT",2015-10-14 15:20:00,"UTC",NA,9.9,NA,"MEMBR","R",NA,NA,NA,NA,NA,NA,NA,NA,"USGS-WRD"
"USGS","12505450",2015-11-17,"08:10",NA,NA,"K","USGS-WRD","WS","CCYK",NA,NA,NA,"9","9","9","MM-46442A","PST","PST",2015-11-17 16:10:00,"UTC",NA,10.7,NA,"MEMBR","R",NA,NA,NA,NA,NA,NA,NA,NA,"USGS-WRD"
"USGS","12505450",2015-12-08,"08:10",NA,NA,"K","USGS-WRD","WS","CCYK",NA,NA,NA,"9","9","9","MM-46443A","PST","PST",2015-12-08 16:10:00,"UTC",NA,10.2,NA,"MEMBR","R",NA,NA,NA,NA,NA,NA,NA,NA,"USGS-WRD"
"USGS","12505450",2016-01-20,"08:20",NA,NA,"K","USGS-WRD","WS","CCYK",NA,NA,NA,"9","9","9","MM-46444A","PST","PST",2016-01-20 16:20:00,"UTC",NA,10.7,NA,"MEMBR","R",NA,NA,NA,NA,NA,NA,NA,NA,"USGS-WRD"
"USGS","12505450",2016-02-03,"08:20",NA,NA,"K","USGS-WRD","WS","CCYK",NA,NA,NA,"9","9","9","MM-46445A","PST","PST",2016-02-03 16:20:00,"UTC",NA,11.1,NA,"MEMBR","R",NA,NA,NA,NA,NA,NA,NA,NA,"USGS-WRD"
"USGS","12505450",2016-02-24,"08:20",NA,NA,"K","USGS-WRD","WS","CCYK",NA,NA,NA,"9","9","9","MM-46446A","PST","PST",2016-02-24 16:20:00,"UTC",NA,11.1,NA,"MEMBR","R",NA,NA,NA,NA,NA,NA,NA,NA,"USGS-WRD"
"USGS","12505450",2016-03-28,"08:20",NA,NA,"K","USGS-WRD","WS","CCYK",NA,NA,NA,"9","9","9","MM-46448A","PDT","PDT",2016-03-28 15:20:00,"UTC",NA,9.6,NA,"MEMBR","R",NA,NA,NA,NA,NA,NA,NA,NA,"USGS-WRD"
"USGS","12505450",2016-04-14,"08:00",NA,NA,"K","USGS-WRD","WS","CCYKSW",NA,NA,NA,"9","9","9","MM-46449A","PDT","PDT",2016-04-14 15:00:00,"UTC",NA,9.4,NA,"MEMBR","R",NA,NA,NA,NA,NA,NA,NA,NA,"USGS-WRD"
"USGS","12505450",2016-04-19,"08:20",NA,NA,"K","USGS-WRD","WS","CCYKSW",NA,NA,NA,"9","9","9","MM-46450A","PDT","PDT",2016-04-19 15:20:00,"UTC",NA,9.9,NA,"MEMBR","R",NA,NA,NA,NA,NA,NA,NA,NA,"USGS-WRD"
"USGS","12505450",2016-05-03,"08:30",NA,NA,"K","USGS-WRD","WS","CCYKSW",NA,NA,NA,"9","9","9","MM-48390A","PDT","PDT",2016-05-03 15:30:00,"UTC",NA,9.8,NA,"MEMBR","R",NA,NA,NA,NA,NA,NA,NA,NA,"USGS-WRD"
"USGS","12505450",2016-05-09,"09:10",NA,NA,"K","USGS-WRD","WS","CCYKSW",NA,NA,NA,"9","9","9","MM-48391A","PDT","PDT",2016-05-09 16:10:00,"UTC",NA,9.1,NA,"MEMBR","R",NA,NA,NA,NA,NA,NA,NA,NA,"USGS-WRD"
"USGS","12505450",2016-05-23,"10:00",NA,NA,"K","USGS-WRD","WS","CCYKSW",NA,NA,NA,"9","9","9","MM-48392A","PDT","PDT",2016-05-23 17:00:00,"UTC",NA,9.7,NA,"MEMBR","R",NA,NA,NA,NA,NA,NA,NA,NA,"USGS-WRD"
"USGS","12505450",2016-06-07,"07:50",NA,NA,"K","USGS-WRD","WS","CCYKSW",NA,NA,NA,"9","9","9","MM-48393A","PDT","PDT",2016-06-07 14:50:00,"UTC",NA,8.4,NA,"MEMBR","R",NA,NA,NA,NA,NA,NA,NA,NA,"USGS-WRD"
"USGS","12505450",2016-06-14,"08:00",NA,NA,"K","USGS-WRD","WS","CCYKSW",NA,NA,NA,"9","9","9","MM-48394A","PDT","PDT",2016-06-14 15:00:00,"UTC",NA,8.8,NA,"MEMBR","R",NA,NA,NA,NA,NA,NA,NA,NA,"USGS-WRD"
"USGS","12505450",2016-06-27,"08:10",NA,NA,"K","USGS-WRD","WS","CCYKSW",NA,NA,NA,"9","9","9","MM-48397A","PDT","PDT",2016-06-27 15:10:00,"UTC",NA,8.4,NA,"MEMBR","R",NA,NA,NA,NA,NA,NA,NA,NA,"USGS-WRD"
"USGS","12505450",2016-07-12,"07:50",NA,NA,"K","USGS-WRD","WS","CCYKSW",NA,NA,NA,"9","9","9","MM-48398A","PDT","PDT",2016-07-12 14:50:00,"UTC",NA,7.4,NA,"MEMBR","R",NA,NA,NA,NA,NA,NA,NA,NA,"USGS-WRD"
"USGS","12505450",2016-07-18,"08:00",NA,NA,"K","USGS-WRD","WS","CCYKSW",NA,NA,NA,"9","9","9","MM-48399A","PDT","PDT",2016-07-18 15:00:00,"UTC",NA,6.9,NA,"MEMBR","R",NA,NA,NA,NA,NA,NA,NA,NA,"USGS-WRD"
"USGS","12505450",2016-07-25,"08:20",NA,NA,"K","USGS-WRD","WS","CCYKSW",NA,NA,NA,"9","9","9","MM-48400A","PDT","PDT",2016-07-25 15:20:00,"UTC",NA,8,NA,"MEMBR","R",NA,NA,NA,NA,NA,NA,NA,NA,"USGS-WRD"
"USGS","12505450",2016-08-15,"11:00",NA,NA,"K","USGS-WRD","WS","CCYKSW",NA,NA,NA,"9","9","9","L-2300215 X=no date or time on PEST","PDT","PDT",2016-08-15 18:00:00,"UTC",NA,8.3,NA,"MEMBR","R",NA,NA,NA,NA,NA,NA,NA,NA,"USGS-WRD"
"USGS","12505450",2016-08-22,"08:00",NA,NA,"K","USGS-WRD","WS","CCYKSW",NA,NA,NA,"9","9","9","MM-49209A","PDT","PDT",2016-08-22 15:00:00,"UTC",NA,7.1,NA,"MEMBR","R",NA,NA,NA,NA,NA,NA,NA,NA,"USGS-WRD"
"USGS","12505450",2016-08-29,"11:30",NA,NA,"K","USGS-WRD","WS","CCYKSW",NA,NA,NA,"9","9","9","MM-49210A","PDT","PDT",2016-08-29 18:30:00,"UTC",NA,8.7,NA,"MEMBR","R",NA,NA,NA,NA,NA,NA,NA,NA,"USGS-WRD"
"USGS","12505450",2016-09-06,"10:50",NA,NA,"K","USGS-WRD","WS","CCYKSW",NA,NA,NA,"9","9","9","MM-49211A","PDT","PDT",2016-09-06 17:50:00,"UTC",NA,7.5,NA,"MEMBR","R",NA,NA,NA,NA,NA,NA,NA,NA,"USGS-WRD"
"USGS","12505450",2016-09-26,"08:00",NA,NA,"K","USGS-WRD","WS","CCYKSW",NA,NA,NA,"9","9","9","MM-49212A","PDT","PDT",2016-09-26 15:00:00,"UTC",NA,7.7,NA,"MEMBR","R",NA,NA,NA,NA,NA,NA,NA,NA,"USGS-WRD"
"USGS","12505450",2016-10-24,"08:20",NA,NA,"K","USGS-WRD","WS","CCYKSW",NA,NA,NA,"9","9","9","MM-50031A","PDT","PDT",2016-10-24 15:20:00,"UTC",NA,8.2,NA,"MEMBR","R",NA,NA,NA,NA,NA,NA,NA,NA,"USGS-WRD"
"USGS","12505450",2016-11-07,"08:20",NA,NA,"K","USGS-WRD","WS","CCYKSW",NA,NA,NA,"9","9","9","MM-50034A","PST","PST",2016-11-07 16:20:00,"UTC",NA,6.4,NA,"MEMBR","R",NA,NA,NA,NA,NA,NA,NA,NA,"USGS-WRD"
"USGS","12505450",2016-12-13,"08:30",NA,NA,"K","USGS-WRD","WS","CCYKSW",NA,NA,NA,"9","9","9","MM-50032A","PST","PST",2016-12-13 16:30:00,"UTC",NA,8.3,NA,"MEMBR","R",NA,NA,NA,NA,NA,NA,NA,NA,"USGS-WRD"
"USGS","12505450",2017-01-23,"09:00",NA,NA,"K","USGS-WRD","WS","CCYKSW",NA,NA,NA,"9","9","9","MM-50033A","PST","PST",2017-01-23 17:00:00,"UTC",NA,9.2,NA,"MEMBR","R",NA,NA,NA,NA,NA,NA,NA,NA,"USGS-WRD"
"USGS","12505450",2017-02-13,"08:30",NA,NA,"K","USGS-WRD","WS","CCYKSW",NA,NA,NA,"9","9","9","MM-51234A","PST","PST",2017-02-13 16:30:00,"UTC",NA,8.6,NA,"MEMBR","R",NA,NA,NA,NA,NA,NA,NA,NA,"USGS-WRD"
"USGS","12505450",2017-02-23,"08:40",NA,NA,"K","USGS-WRD","WS","CCYKSW",NA,NA,NA,"9","9","9","MM-51235A","PST","PST",2017-02-23 16:40:00,"UTC",NA,7.5,NA,"MEMBR","R",NA,NA,NA,NA,NA,NA,NA,NA,"USGS-WRD"
"USGS","12505450",2017-03-01,"08:10",NA,NA,"K","USGS-WRD","WS","CCYKSW",NA,NA,NA,"9","9","9","MM-51237A","PST","PST",2017-03-01 16:10:00,"UTC",NA,9.4,NA,"MEMBR","R",NA,NA,NA,NA,NA,NA,NA,NA,"USGS-WRD"
"USGS","12505450",2017-03-06,"08:00",NA,NA,"K","USGS-WRD","WS","CCYKSW",NA,NA,NA,"9","9","9","MM-51238A","PST","PST",2017-03-06 16:00:00,"UTC",NA,9.2,NA,"MEMBR","R",NA,NA,NA,NA,NA,NA,NA,NA,"USGS-WRD"
"USGS","12505450",2017-04-03,"11:10",NA,NA,"K","USGS-WRD","WS","CCYKSW",NA,NA,NA,"9","9","9","MM-51239A","PDT","PDT",2017-04-03 18:10:00,"UTC",NA,11.2,NA,"MEMBR","R",NA,NA,NA,NA,NA,NA,NA,NA,"USGS-WRD"
"USGS","12505450",2017-04-24,"08:20",NA,NA,"K","USGS-WRD","WS","CCYKSW",NA,NA,NA,"9","9","9","MM-51240A","PDT","PDT",2017-04-24 15:20:00,"UTC",NA,9.4,NA,"MEMBR","R",NA,NA,NA,NA,NA,NA,NA,NA,"USGS-WRD"
"USGS","12505450",2017-05-08,"11:10",NA,NA,"K","USGS-WRD","WS","CCYKSW",NA,NA,NA,"9","9","9","MM-51241A","PDT","PDT",2017-05-08 18:10:00,"UTC",NA,10.6,NA,"MEMBR","R",NA,NA,NA,NA,NA,NA,NA,NA,"USGS-WRD"
"USGS","12505450",2017-05-22,"09:40",NA,NA,"K","USGS-WRD","WS","CCYKSW",NA,NA,NA,"9","9","9","MM-51242A","PDT","PDT",2017-05-22 16:40:00,"UTC",NA,9.8,NA,"MEMBR","R",NA,NA,NA,NA,NA,NA,NA,NA,"USGS-WRD"
"USGS","12505450",2017-05-22,"11:20",NA,NA,"K","USGS-WRD","WS","EH700",NA,NA,NA,"X","9","X","L-1440291 Removed schedule 2694 and added LC3156 per W. Landrum. JPC 5/24/14","PDT","PDT",2017-05-22 18:20:00,"UTC",NA,9.9,NA,"MEMBR","R",NA,NA,NA,NA,NA,NA,NA,NA,NA
"USGS","12505450",2017-06-05,"08:10",NA,NA,"K","USGS-WRD","WS","CCYKSW",NA,NA,NA,"9","9","9","MM-51243A","PDT","PDT",2017-06-05 15:10:00,"UTC",NA,9.4,NA,"MEMBR","R",NA,NA,NA,NA,NA,NA,NA,NA,"USGS-WRD"
"USGS","12505450",2017-06-12,"08:40",NA,NA,"K","USGS-WRD","WS","CCYKSW",NA,NA,NA,"9","9","9","MM-52860A","PDT","PDT",2017-06-12 15:40:00,"UTC",NA,10,NA,"MEMBR","R",NA,NA,NA,NA,NA,NA,NA,NA,"USGS-WRD"
"USGS","12505450",2017-06-26,"11:00",NA,NA,"K","USGS-WRD","WS","CCYKSW",NA,NA,NA,"9","9","9","MM-52861A","PDT","PDT",2017-06-26 18:00:00,"UTC",NA,11.3,NA,"MEMBR","R",NA,NA,NA,NA,NA,NA,NA,NA,"USGS-WRD"
"USGS","12505450",2017-06-27,"09:21",NA,NA,"K","USGS-WRD","WS","EH700",NA,NA,NA,"X","9","X",NA,"PDT","PDT",2017-06-27 16:21:00,"UTC",NA,9.9,NA,"MEMBR","R",NA,NA,NA,NA,NA,NA,NA,NA,NA
"USGS","12505450",2017-07-10,"08:10",NA,NA,"K","USGS-WRD","WS","CCYKSW",NA,NA,NA,"9","9","9","MM-52863A","PDT","PDT",2017-07-10 15:10:00,"UTC",NA,8.4,NA,"MEMBR","R",NA,NA,NA,NA,NA,NA,NA,NA,"USGS-WRD"
"USGS","12505450",2017-07-18,"08:10",NA,NA,"K","USGS-WRD","WS","CCYKSW",NA,NA,NA,"9","9","9","MM-52864A","PDT","PDT",2017-07-18 15:10:00,"UTC",NA,9.2,NA,"MEMBR","R",NA,NA,NA,NA,NA,NA,NA,NA,"USGS-WRD"
"USGS","12505450",2017-07-24,"09:10",NA,NA,"K","USGS-WRD","WS","CCYKSW",NA,NA,NA,"9","9","9","MM-52865A","PDT","PDT",2017-07-24 16:10:00,"UTC",NA,10.5,NA,"MEMBR","R",NA,NA,NA,NA,NA,NA,NA,NA,"USGS-WRD"
"USGS","12505450",2017-08-08,"08:10",NA,NA,"K","USGS-WRD","WS","CCYKSW",NA,NA,NA,"9","9","9","MM-52866A","PDT","PDT",2017-08-08 15:10:00,"UTC",NA,13.1,NA,NA,"R",NA,NA,NA,NA,NA,NA,NA,NA,"USGS-WRD"
"USGS","12505450",2017-08-10,"07:40",NA,NA,"K","USGS-WRD","WS","CCYKSW",NA,NA,NA,"9","9","9","MM-52867A","PDT","PDT",2017-08-10 14:40:00,"UTC",NA,8,NA,"MEMBR","R",NA,NA,NA,NA,NA,NA,NA,NA,"USGS-WRD"
"USGS","12505450",2017-08-14,"08:13",NA,NA,"K","USGS-WRD","WS","EH700",NA,NA,NA,"X","9","X",NA,"PDT","PDT",2017-08-14 15:13:00,"UTC",NA,7.8,NA,"MEMBR","R",NA,NA,NA,NA,NA,NA,NA,NA,NA
"USGS","12505450",2017-08-24,"08:10",NA,NA,"K","USGS-WRD","WS","CCYKSW",NA,NA,NA,"9","9","9","MM-52868A","PDT","PDT",2017-08-24 15:10:00,"UTC",NA,8.3,NA,"MEMBR","R",NA,NA,NA,NA,NA,NA,NA,NA,"USGS-WRD"
"USGS","12505450",2017-09-20,"08:39",NA,NA,"K","USGS-WRD","WS","EH700",NA,NA,NA,"X","9","X",NA,"PDT","PDT",2017-09-20 15:39:00,"UTC",NA,8.7,NA,"MEMBR","R",NA,NA,NA,NA,NA,NA,NA,NA,NA
"USGS","12505450",2017-09-26,"07:50",NA,NA,"K","USGS-WRD","WS","CCYKSW",NA,NA,NA,"9","9","9","MM-52869A","PDT","PDT",2017-09-26 14:50:00,"UTC",NA,9.7,NA,"MEMBR","R",NA,NA,NA,NA,NA,NA,NA,NA,"USGS-WRD"
"USGS","12505450",2017-10-16,"08:10",NA,NA,"K","USGS-WRD","WS","32GUMGS00",NA,NA,NA,"9","9","9","MM-54208A","PDT","PDT",2017-10-16 15:10:00,"UTC",NA,10.4,NA,"MEMBR","R",NA,NA,NA,NA,NA,NA,NA,NA,"USGS-WRD"
"USGS","12505450",2017-11-08,"09:00",NA,NA,"K","USGS-WRD","WS","CCYKSW",NA,NA,NA,"4","9","9","MM-54209A","PST","PST",2017-11-08 17:00:00,"UTC",NA,9.5,NA,"MEMBR","R",NA,NA,NA,NA,NA,NA,NA,NA,"USGS-WRD"
"USGS","12505450",2017-12-12,"08:29",NA,NA,"K","USGS-WRD","WS","EH700",NA,NA,NA,"X","9","X",NA,"PST","PST",2017-12-12 16:29:00,"UTC",NA,10.8,NA,"MEMBR","R",NA,NA,NA,NA,NA,NA,NA,NA,NA
"USGS","12505450",2017-12-13,"08:30",NA,NA,"K","USGS-WRD","WS","CCYKSW",NA,NA,NA,"4","9","9","MM-54210A","PST","PST",2017-12-13 16:30:00,"UTC",NA,10.9,NA,"MEMBR","R",NA,NA,NA,NA,NA,NA,NA,NA,"USGS-WRD"
"USGS","12505450",2018-01-29,"08:00",NA,NA,"K","USGS-WRD","WS","CCYKSW",NA,NA,NA,"4","9","9","MM-54211A","PST","PST",2018-01-29 16:00:00,"UTC",NA,10.4,NA,"MEMBR","R",NA,NA,NA,NA,NA,NA,NA,NA,"USGS-WRD"
"USGS","12505450",2018-02-14,"09:00",NA,NA,"K","USGS-WRD","WS","CCYKSW",NA,NA,NA,"4","9","9","MM-54212A","PST","PST",2018-02-14 17:00:00,"UTC",NA,10.9,NA,"MEMBR","R",NA,NA,NA,NA,NA,NA,NA,NA,"USGS-WRD"
"USGS","12505450",2018-02-27,"08:00",NA,NA,"K","USGS-WRD","WS","CCYKSW",NA,NA,NA,"4","9","9","MM-54213A","PST","PST",2018-02-27 16:00:00,"UTC",NA,10.5,NA,"MEMBR","R",NA,NA,NA,NA,NA,NA,NA,NA,"USGS-WRD"
"USGS","12505450",2018-03-13,"08:00",NA,NA,"K","USGS-WRD","WS","CCYKSW",NA,NA,NA,"4","9","9","MM-54214A","PDT","PDT",2018-03-13 15:00:00,"UTC",NA,9.7,NA,"MEMBR","R",NA,NA,NA,NA,NA,NA,NA,NA,"USGS-WRD"
"USGS","12505450",2018-03-27,"07:40",NA,NA,"K","USGS-WRD","WS","CCYKSW",NA,NA,NA,"4","9","9","MM-54215A","PDT","PDT",2018-03-27 14:40:00,"UTC",NA,9.2,NA,"MEMBR","R",NA,NA,NA,NA,NA,NA,NA,NA,"USGS-WRD"
"USGS","12505450",2018-04-10,"07:50",NA,NA,"K","USGS-WRD","WS","CCYKSW",NA,NA,NA,"4","9","9","MM-54216A","PDT","PDT",2018-04-10 14:50:00,"UTC",NA,10.6,NA,"MEMBR","R",NA,NA,NA,NA,NA,NA,NA,NA,"USGS-WRD"
"USGS","12505450",2018-04-26,"07:50",NA,NA,"K","USGS-WRD","WS","CCYKSW",NA,NA,NA,"4","9","9","MM-54217A","PDT","PDT",2018-04-26 14:50:00,"UTC",NA,10.9,NA,"MEMBR","R",NA,NA,NA,NA,NA,NA,NA,NA,"USGS-WRD"
"USGS","12505450",2018-05-07,"08:20",NA,NA,"K","USGS-WRD","WS","CCYKSW",NA,NA,NA,"4","9","9","MM-54218A","PDT","PDT",2018-05-07 15:20:00,"UTC",NA,10.6,NA,"MEMBR","R",NA,NA,NA,NA,NA,NA,NA,NA,"USGS-WRD"
"USGS","12505450",2018-05-17,"12:00",NA,NA,"K","USGS-WRD","WS","CCYKSW",NA,NA,NA,"4","9","9","MM-54219A","PDT","PDT",2018-05-17 19:00:00,"UTC",NA,11.1,NA,"MEMBR","R",NA,NA,NA,NA,NA,NA,NA,NA,"USGS-WRD"
"USGS","12505450",2018-05-21,"08:20",NA,NA,"K","USGS-WRD","WS","CCYKSW",NA,NA,NA,"4","9","9","MM-54220A","PDT","PDT",2018-05-21 15:20:00,"UTC",NA,10,NA,"MEMBR","R",NA,NA,NA,NA,NA,NA,NA,NA,"USGS-WRD"
"USGS","12505450",2018-06-06,"08:10",NA,NA,"K","USGS-WRD","WS","CCYKSW",NA,NA,NA,"4","9","9","MM-55028G","PDT","PDT",2018-06-06 15:10:00,"UTC",NA,8.7,NA,"MEMBR","R",NA,NA,NA,NA,NA,NA,NA,NA,"USGS-WRD"
"USGS","12505450",2018-06-18,"08:10",NA,NA,"K","USGS-WRD","WS","CCYKSW",NA,NA,NA,"4","9","9","MM-55030G","PDT","PDT",2018-06-18 15:10:00,"UTC",NA,9.4,NA,"MEMBR","R",NA,NA,NA,NA,NA,NA,NA,NA,"USGS-WRD"
"USGS","12505450",2018-06-25,"08:10",NA,NA,"K","USGS-WRD","WS","CCYKSW",NA,NA,NA,"4","9","9","MM-55025G","PDT","PDT",2018-06-25 15:10:00,"UTC",NA,8.4,NA,"MEMBR","R",NA,NA,NA,NA,NA,NA,NA,NA,"USGS-WRD"
"USGS","12505450",2018-07-30,"09:50",NA,NA,"K","USGS-WRD","WS","CCYKSW",NA,NA,NA,"9","9","9","MM-55033G","PDT","PDT",2018-07-30 16:50:00,"UTC",NA,9.9,NA,"MEMBR","R",NA,NA,NA,NA,NA,NA,NA,NA,"USGS-WRD"
"USGS","12505450",2018-08-13,"08:00",NA,NA,"K","USGS-WRD","WS","CCYKSW",NA,NA,NA,"9","9","9","MM-55034G","PDT","PDT",2018-08-13 15:00:00,"UTC",NA,8.2,NA,"MEMBR","R",NA,NA,NA,NA,NA,NA,NA,NA,"USGS-WRD"
"USGS","12505450",2018-08-21,"07:40",NA,NA,"K","USGS-WRD","WS","CCYKSW",NA,NA,NA,"9","9","9","MM-55035G","PDT","PDT",2018-08-21 14:40:00,"UTC",NA,8.1,NA,"MEMBR","R",NA,NA,NA,NA,NA,NA,NA,NA,"USGS-WRD"
"USGS","12505450",2018-09-10,"08:00",NA,NA,"K","USGS-WRD","WS","CCYKSW",NA,NA,NA,"9","9","9","MM-55571G","PDT","PDT",2018-09-10 15:00:00,"UTC",NA,8.3,NA,"MEMBR","R",NA,NA,NA,NA,NA,NA,NA,NA,"USGS-WRD"
"USGS","12505450",2018-09-17,"08:20",NA,NA,"K","USGS-WRD","WS","CCYKSW",NA,NA,NA,"9","9","9","MM-55572G","PDT","PDT",2018-09-17 15:20:00,"UTC",NA,8.7,NA,"MEMBR","R",NA,NA,NA,NA,NA,NA,NA,NA,"USGS-WRD"
"USGS","12505450",2018-10-10,"08:20",NA,NA,"K","USGS-WRD","WS","CCYKSW",NA,NA,NA,"9","9","9","MM-55570G","PDT","PDT",2018-10-10 15:20:00,"UTC",NA,8.7,NA,"MEMBR","R",NA,NA,NA,NA,NA,NA,NA,NA,"USGS-WRD"
"USGS","12505450",2018-11-05,"08:00",NA,NA,"K","USGS-WRD","WS","CCYKSW",NA,NA,NA,"9","9","9","MM-55569G","PST","PST",2018-11-05 16:00:00,"UTC",NA,8.7,NA,"MEMBR","R",NA,NA,NA,NA,NA,NA,NA,NA,"USGS-WRD"
"USGS","12505450",2018-12-19,"08:20",NA,NA,"K","USGS-WRD","WS","CCYKSW",NA,NA,NA,"9","9","9","MM-57358A","PST","PST",2018-12-19 16:20:00,"UTC",NA,9.1,NA,"MEMBR","R",NA,NA,NA,NA,NA,NA,NA,NA,"USGS-WRD"
"USGS","12505450",2019-01-30,"08:10",NA,NA,"K","USGS-WRD","WS","CCYKSW",NA,NA,NA,"9","9","9","MM-57363A","PST","PST",2019-01-30 16:10:00,"UTC",NA,12.6,NA,"MEMBR","R",NA,NA,NA,NA,NA,NA,NA,NA,"USGS-WRD"
"USGS","12505450",2019-03-11,"08:10",NA,NA,"K","USGS-WRD","WS","CCYKSW",NA,NA,NA,"9","9","9","MM-57362A","PDT","PDT",2019-03-11 15:10:00,"UTC",NA,9.7,NA,"MEMBR","R",NA,NA,NA,NA,NA,NA,NA,NA,"USGS-WRD"
"USGS","12505450",2019-03-27,"07:50",NA,NA,"K","USGS-WRD","WS","CCYKSW",NA,NA,NA,"9","9","9","MM-57368A","PDT","PDT",2019-03-27 14:50:00,"UTC",NA,9.3,NA,"MEMBR","R",NA,NA,NA,NA,NA,NA,NA,NA,"USGS-WRD"
"USGS","12505450",2019-04-16,"07:50",NA,NA,"K","USGS-WRD","WS","CCYKSW",NA,NA,NA,"9","9","9","MM-56545A","PDT","PDT",2019-04-16 14:50:00,"UTC",NA,9.5,NA,"MEMBR","R",NA,NA,NA,NA,NA,NA,NA,NA,"USGS-WRD"
"USGS","12505450",2019-04-30,"08:20",NA,NA,"K","USGS-WRD","WS","CCYKSW",NA,NA,NA,"9","9","9","MM-57366A","PDT","PDT",2019-04-30 15:20:00,"UTC",NA,10.9,NA,"MEMBR","R",NA,NA,NA,NA,NA,NA,NA,NA,"USGS-WRD"
"USGS","12505450",2019-05-06,"08:00",NA,NA,"K","USGS-WRD","WS","CCYKSW",NA,NA,NA,"9","9","9","MM-57367A","PDT","PDT",2019-05-06 15:00:00,"UTC",NA,9.7,NA,"MEMBR","R",NA,NA,NA,NA,NA,NA,NA,NA,"USGS-WRD"
"USGS","12505450",2019-05-13,"08:00",NA,NA,"K","USGS-WRD","WS","CCYKSW",NA,NA,NA,"9","9","9","MM-57361A","PDT","PDT",2019-05-13 15:00:00,"UTC",NA,9.8,NA,"MEMBR","R",NA,NA,NA,NA,NA,NA,NA,NA,"USGS-WRD"
"USGS","12505450",2019-05-17,"08:10",NA,NA,"K","USGS-WRD","WS","CCYKSW",NA,NA,NA,"9","9","9","MM-57364A","PDT","PDT",2019-05-17 15:10:00,"UTC",NA,9.6,NA,"MEMBR","R",NA,NA,NA,NA,NA,NA,NA,NA,"USGS-WRD"
"USGS","12505450",2019-06-03,"08:40",NA,NA,"K","USGS-WRD","WS","CCYKSW",NA,NA,NA,"9","9","9","MM-57359A","PDT","PDT",2019-06-03 15:40:00,"UTC",NA,9.9,NA,"MEMBR","R",NA,NA,NA,NA,NA,NA,NA,NA,"USGS-WRD"
"USGS","12505450",2019-06-24,"08:10",NA,NA,"K","USGS-WRD","WS","CCYKSW",NA,NA,NA,"9","9","9","MM-57365A","PDT","PDT",2019-06-24 15:10:00,"UTC",NA,9.4,NA,"MEMBR","R",NA,NA,NA,NA,NA,NA,NA,NA,"USGS-WRD"
"USGS","12505450",2019-07-15,"07:50",NA,NA,"K","USGS-WRD","WS","CCYKSW",NA,NA,NA,"9","9","9","MM-57360A","PDT","PDT",2019-07-15 14:50:00,"UTC",NA,7.7,NA,"LUMIN","R",NA,NA,NA,NA,NA,NA,NA,NA,"USGS-WRD"
"USGS","12505450",2019-07-22,"08:50",NA,NA,"K","USGS-WRD","WS","CCYKSW",NA,NA,NA,"9","9","9","ID-00584A","PDT","PDT",2019-07-22 15:50:00,"UTC",NA,8.3,NA,"LUMIN","R",NA,NA,NA,NA,NA,NA,NA,NA,"USGS-WRD"
"USGS","12505450",2019-07-29,"08:40",NA,NA,"K","USGS-WRD","WS","CCYKSW",NA,NA,NA,"9","9","9","ID-00585A","PDT","PDT",2019-07-29 15:40:00,"UTC",NA,8.5,NA,"LUMIN","R",NA,NA,NA,NA,NA,NA,NA,NA,"USGS-WRD"
"USGS","12505450",2019-08-14,"08:50",NA,NA,"K","USGS-WRD","WS","CCYKSW",NA,NA,NA,"9","9","9","ID-00586A","PDT","PDT",2019-08-14 15:50:00,"UTC",NA,8.1,NA,"LUMIN","R",NA,NA,NA,NA,NA,NA,NA,NA,"USGS-WRD"
"USGS","12505450",2019-08-21,"08:30",NA,NA,"K","USGS-WRD","WS","CCYKSW",NA,NA,NA,"9","9","9","ID-00587A","PDT","PDT",2019-08-21 15:30:00,"UTC",NA,7.9,NA,"LUMIN","R",NA,NA,NA,NA,NA,NA,NA,NA,"USGS-WRD"
"USGS","12505450",2019-08-26,"08:20",NA,NA,"K","USGS-WRD","WS","CCYKSW",NA,NA,NA,"9","9","9","ID-00588A","PDT","PDT",2019-08-26 15:20:00,"UTC",NA,8.2,NA,"LUMIN","R",NA,NA,NA,NA,NA,NA,NA,NA,"USGS-WRD"
"USGS","12505450",2019-09-04,"08:40",NA,NA,"K","USGS-WRD","WS","CCYKSW",NA,NA,NA,"9","9","9","ID-00589A","PDT","PDT",2019-09-04 15:40:00,"UTC",NA,8.4,NA,"LUMIN","R",NA,NA,NA,NA,NA,NA,NA,NA,"USGS-WRD"
"USGS","12505450",2019-09-23,"08:40",NA,NA,"K","USGS-WRD","WS","CCYKSW",NA,NA,NA,"9","9","9","ID-00590A","PDT","PDT",2019-09-23 15:40:00,"UTC",NA,8.6,NA,"LUMIN","R",NA,NA,NA,NA,NA,NA,NA,NA,"USGS-WRD"
"USGS","12505450",2019-10-01,"08:50",NA,NA,"K","USGS-WRD","WS","CCYKSW",NA,NA,NA,"9","9","9","ID-00591A","PDT","PDT",2019-10-01 15:50:00,"UTC",NA,9.6,NA,"LUMIN","R",NA,NA,NA,NA,NA,NA,NA,NA,"USGS-WRD"
"USGS","12505450",2019-11-19,"08:50",NA,NA,"K","USGS-WRD","WS","CCYKSW",NA,NA,NA,"9","9","9","ID-00592A","PST","PST",2019-11-19 16:50:00,"UTC",NA,8.8,NA,"LUMIN","R",NA,NA,NA,NA,NA,NA,NA,NA,"USGS-WRD"
"USGS","12505450",2019-12-16,"08:50",NA,NA,"K","USGS-WRD","WS","CCYKSW",NA,NA,NA,"9","9","9","ID-00593A","PST","PST",2019-12-16 16:50:00,"UTC",NA,9.6,NA,"LUMIN","R",NA,NA,NA,NA,NA,NA,NA,NA,"USGS-WRD"
"USGS","12505450",2020-01-14,"09:00",NA,NA,"K","USGS-WRD","WS","CCYKSW",NA,NA,NA,"9","9","9","ID-00594A","PST","PST",2020-01-14 17:00:00,"UTC",NA,10.2,NA,"LUMIN","R",NA,NA,NA,NA,NA,NA,NA,NA,"USGS-WRD"
"USGS","12505450",2020-02-25,"09:00",NA,NA,"K","USGS-WRD","WS","CCYKSW",NA,NA,NA,"9","9","9","ID-00595A","PST","PST",2020-02-25 17:00:00,"UTC",NA,10.6,NA,"LUMIN","R",NA,NA,NA,NA,NA,NA,NA,NA,"USGS-WRD"
"USGS","12505450",2020-03-10,"08:50",NA,NA,"K","USGS-WRD","WS","CCYKSW",NA,NA,NA,"9","9","9","ID-02023A","PDT","PDT",2020-03-10 15:50:00,"UTC",NA,9.9,NA,"LUMIN","R",NA,NA,NA,NA,NA,NA,NA,NA,"USGS-WRD"
"USGS","12505450",2020-03-26,"08:20",NA,NA,"K","USGS-WRD","WS","CCYKSW",NA,NA,NA,"9","9","9","ID-02024A","PDT","PDT",2020-03-26 15:20:00,"UTC",NA,9.9,NA,"LUMIN","R",NA,NA,NA,NA,NA,NA,NA,NA,"USGS-WRD"
"USGS","12505450",2020-04-14,"07:40",NA,NA,"K","USGS-WRD","WS","CCYKSW",NA,NA,NA,"9","9","9","ID-02025A","PDT","PDT",2020-04-14 14:40:00,"UTC",NA,10,NA,"LUMIN","R",NA,NA,NA,NA,NA,NA,NA,NA,"USGS-WRD"
"USGS","12505450",2020-05-04,"08:10",NA,NA,"K","USGS-WRD","WS","CCYKSW",NA,NA,NA,"9","9","9","ID-02026A","PDT","PDT",2020-05-04 15:10:00,"UTC",NA,9.8,NA,"MEMBR","R",NA,NA,NA,NA,NA,NA,NA,NA,"USGS-WRD"
"USGS","12505450",2020-05-11,"08:00",NA,NA,"K","USGS-WRD","WS","CCYKSW",NA,NA,NA,"9","9","9",NA,"PDT","PDT",2020-05-11 15:00:00,"UTC",NA,9.1,NA,"MEMBR","R",NA,NA,NA,NA,NA,NA,NA,NA,"USGS-WRD"
"USGS","12505450",2020-05-18,"08:00",NA,NA,"K","USGS-WRD","WS","CCYKSW",NA,NA,NA,"9","9","9","ID-02027A","PDT","PDT",2020-05-18 15:00:00,"UTC",NA,9.2,NA,"MEMBR","R",NA,NA,NA,NA,NA,NA,NA,NA,"USGS-WRD"
"USGS","12505450",2020-06-02,"08:10",NA,NA,"K","USGS-WRD","WS","CCYKSW",NA,NA,NA,"9","9","9","ID-02028A","PDT","PDT",2020-06-02 15:10:00,"UTC",NA,9.1,NA,"MEMBR","R",NA,NA,NA,NA,NA,NA,NA,NA,"USGS-WRD"
"USGS","12505450",2020-06-09,"07:50",NA,NA,"K","USGS-WRD","WS","CCYKSW",NA,NA,NA,"9","9","9",NA,"PDT","PDT",2020-06-09 14:50:00,"UTC",NA,8.6,NA,"MEMBR","R",NA,NA,NA,NA,NA,NA,NA,NA,"USGS-WRD"
"USGS","12505450",2020-06-15,"07:00",NA,NA,"K","USGS-WRD","WS","CCYKSW",NA,NA,NA,"9","9","9",NA,"PDT","PDT",2020-06-15 14:00:00,"UTC",NA,8.2,NA,NA,"S",NA,NA,NA,NA,NA,NA,NA,NA,"USGS-WRD"
"USGS","12505450",2020-06-23,"09:10",NA,NA,"K","USGS-WRD","WS","CCYKSW",NA,NA,NA,"9","9","9",NA,"PDT","PDT",2020-06-23 16:10:00,"UTC",NA,9.1,NA,"MEMBR","R",NA,NA,NA,NA,NA,NA,NA,NA,"USGS-WRD"
"USGS","12505450",2020-07-07,"08:00",NA,NA,"K","USGS-WRD","WS","CCYKSW",NA,NA,NA,"9","9","9","ID-02029A","PDT","PDT",2020-07-07 15:00:00,"UTC",NA,7.9,NA,"MEMBR","R",NA,NA,NA,NA,NA,NA,NA,NA,"USGS-WRD"
"USGS","12505450",2020-07-14,"07:50",NA,NA,"K","USGS-WRD","WS","CCYKSW",NA,NA,NA,"9","9","9",NA,"PDT","PDT",2020-07-14 14:50:00,"UTC",NA,8.1,NA,"MEMBR","R",NA,NA,NA,NA,NA,NA,NA,NA,"USGS-WRD"
"USGS","12505450",2020-07-21,"07:30",NA,NA,"K","USGS-WRD","WS","CCYKSW",NA,NA,NA,"9","9","9","ID-03787A","PDT","PDT",2020-07-21 14:30:00,"UTC",NA,7.1,NA,"MEMBR","R",NA,NA,NA,NA,NA,NA,NA,NA,"USGS-WRD"
"USGS","12505450",2020-08-20,"07:20",NA,NA,"K","USGS-WRD","WS","CCYKSW",NA,NA,NA,"9","9","9","ID-02030A","PDT","PDT",2020-08-20 14:20:00,"UTC",NA,7.9,NA,"MEMBR","R",NA,NA,NA,NA,NA,NA,NA,NA,"USGS-WRD"
"USGS","12505450",2020-08-25,"07:30",NA,NA,"K","USGS-WRD","WS","CCYKSW",NA,NA,NA,"9","9","9","ID-02031A","PDT","PDT",2020-08-25 14:30:00,"UTC",NA,8.6,NA,"MEMBR","R",NA,NA,NA,NA,NA,NA,NA,NA,"USGS-WRD"
"USGS","12505450",2020-09-23,"07:00",NA,NA,"K","USGS-WRD","WS","CCYKSW",NA,NA,NA,"9","9","9","ID-02032A","PDT","PDT",2020-09-23 14:00:00,"UTC",NA,7.5,NA,"MEMBR","R",NA,NA,NA,NA,NA,NA,NA,NA,"USGS-WRD"
"USGS","12505450",2020-09-29,"07:10",NA,NA,"K","USGS-WRD","WS","CCYKSW",NA,NA,NA,"9","9","9","ID-02033A","PDT","PDT",2020-09-29 14:10:00,"UTC",NA,8.1,NA,"MEMBR","R",NA,NA,NA,NA,NA,NA,NA,NA,"USGS-WRD"
"USGS","12505450",2020-10-13,"08:00",NA,NA,"K","USGS-WRD","WS","CCYKSW",NA,NA,NA,"9","9","9",NA,"PDT","PDT",2020-10-13 15:00:00,"UTC",NA,7.9,NA,"MEMBR","R",NA,NA,NA,NA,NA,NA,NA,NA,"USGS-WRD"
"USGS","12505450",2020-11-03,"07:30",NA,NA,"K","USGS-WRD","WS","CCYKSW",NA,NA,NA,"9","9","9","ID-03788A","PST","PST",2020-11-03 15:30:00,"UTC",NA,9.3,NA,"MEMBR","R",NA,NA,NA,NA,NA,NA,NA,NA,"USGS-WRD"
"USGS","12505450",2021-01-05,"08:00",NA,NA,"K","USGS-WRD","WS","CCYKSW",NA,NA,NA,"9","9","9","ID-03789A","PST","PST",2021-01-05 16:00:00,"UTC",NA,10,NA,"LUMIN","S",NA,NA,NA,NA,NA,NA,NA,NA,"USGS-WRD"
"USGS","12505450",2021-02-18,"08:20",NA,NA,"K","USGS-WRD","WS","CCYKSW",NA,NA,NA,"9","9","9","ID-03790A","PST","PST",2021-02-18 16:20:00,"UTC",NA,10.4,NA,NA,"R",NA,NA,NA,NA,NA,NA,NA,NA,"USGS-WRD"
"USGS","12505450",2021-03-09,"07:40",NA,NA,"K","USGS-WRD","WS","CCYKSW",NA,NA,NA,"9","9","9","ID-03791A","PST","PST",2021-03-09 15:40:00,"UTC",NA,9.6,NA,NA,"R",NA,NA,NA,NA,NA,NA,NA,NA,"USGS-WRD"
"USGS","12505450",2021-03-23,"07:30",NA,NA,"K","USGS-WRD","WS","CCYKSW",NA,NA,NA,"9","9","9","ID-03792A","PDT","PDT",2021-03-23 14:30:00,"UTC",NA,9.8,NA,NA,"R",NA,NA,NA,NA,NA,NA,NA,NA,"USGS-WRD"
"USGS","12505450",2021-04-06,"08:10",NA,NA,"K","USGS-WRD","WS","CCYKSW",NA,NA,NA,"9","9","9","ID-03793A","PDT","PDT",2021-04-06 15:10:00,"UTC",NA,10,NA,NA,"R",NA,NA,NA,NA,NA,NA,NA,NA,"USGS-WRD"
"USGS","12505450",2021-04-20,"07:40",NA,NA,"K","USGS-WRD","WS","CCYKSW",NA,NA,NA,"9","9","9","ID-03794A","PDT","PDT",2021-04-20 14:40:00,"UTC",NA,9.9,NA,NA,"R",NA,NA,NA,NA,NA,NA,NA,NA,"USGS-WRD"
"USGS","12505450",2021-05-04,"08:30",NA,NA,"K","USGS-WRD","WS","CCYKSW",NA,NA,NA,"9","9","9","ID-03795A","PDT","PDT",2021-05-04 15:30:00,"UTC",NA,9.5,NA,NA,"R",NA,NA,NA,NA,NA,NA,NA,NA,"USGS-WRD"
"USGS","12505450",2021-05-11,"07:30",NA,NA,"K","USGS-WRD","WS","CCYKSW",NA,NA,NA,"9","9","9",NA,"PDT","PDT",2021-05-11 14:30:00,"UTC",NA,9.5,NA,NA,"S",NA,NA,NA,NA,NA,NA,NA,NA,"USGS-WRD"
"USGS","12505450",2021-05-18,"07:00",NA,NA,"K","USGS-WRD","WS","CCYKSW",NA,NA,NA,"9","9","9",NA,"PDT","PDT",2021-05-18 14:00:00,"UTC",NA,9,NA,NA,"S",NA,NA,NA,NA,NA,NA,NA,NA,"USGS-WRD"
"USGS","12505450",2021-06-22,"07:30",NA,NA,"K","USGS-WRD","WS","CCYKSW",NA,NA,NA,"9","9","9","ID-04592A","PDT","PDT",2021-06-22 14:30:00,"UTC",NA,7.5,NA,NA,"S",NA,NA,NA,NA,NA,NA,NA,NA,"USGS-WRD"
"USGS","12505450",2021-07-07,"07:40",NA,NA,"K","USGS-WRD","WS","CCYKSW",NA,NA,NA,"9","9","9","ID-04593A","PDT","PDT",2021-07-07 14:40:00,"UTC",NA,7.1,NA,NA,"S",NA,NA,NA,NA,NA,NA,NA,NA,"USGS-WRD"
"USGS","12505450",2021-07-13,"07:00",NA,NA,"K","USGS-WRD","WS","CCYKSW",NA,NA,NA,"9","9","9","ID-04594A","PDT","PDT",2021-07-13 14:00:00,"UTC",NA,7.2,NA,NA,"S",NA,NA,NA,NA,NA,NA,NA,NA,"USGS-WRD"
"USGS","12505450",2021-07-27,"07:30",NA,NA,"K","USGS-WRD","WS","CCYKSW",NA,NA,NA,"9","9","9","ID-04595A","PDT","PDT",2021-07-27 14:30:00,"UTC",NA,7,NA,NA,"S",NA,NA,NA,NA,NA,NA,NA,NA,"USGS-WRD"
"USGS","12505450",2021-08-10,"08:00",NA,NA,"K","USGS-WRD","WS","CCYKSW",NA,NA,NA,"9","9","9","ID-04596A","PDT","PDT",2021-08-10 15:00:00,"UTC",NA,7.2,NA,NA,"S",NA,NA,NA,NA,NA,NA,NA,NA,"USGS-WRD"
"USGS","12505450",2021-08-16,"07:30",NA,NA,"K","USGS-WRD","WS","CCYKSW",NA,NA,NA,"9","9","9",NA,"PDT","PDT",2021-08-16 14:30:00,"UTC",NA,7,NA,NA,"S",NA,NA,NA,NA,NA,NA,NA,NA,"USGS-WRD"
"USGS","12505450",2021-08-24,"07:20",NA,NA,"K","USGS-WRD","WS","CCYKSW",NA,NA,NA,"9","9","9","ID-04597A","PDT","PDT",2021-08-24 14:20:00,"UTC",NA,7.8,NA,NA,"S",NA,NA,NA,NA,NA,NA,NA,NA,"USGS-WRD"
"USGS","12505450",2021-09-07,"07:40",NA,NA,"K","USGS-WRD","WS","CCYKSW",NA,NA,NA,"9","9","9","ID-04598A","PDT","PDT",2021-09-07 14:40:00,"UTC",NA,7.8,NA,NA,"S",NA,NA,NA,NA,NA,NA,NA,NA,"USGS-WRD"
"USGS","12505450",2021-09-28,"08:00",NA,NA,"K","USGS-WRD","WS","CCYKSW",NA,NA,NA,"9","9","9",NA,"PDT","PDT",2021-09-28 15:00:00,"UTC",NA,7.9,NA,NA,"S",NA,NA,NA,NA,NA,NA,NA,NA,"USGS-WRD"
"USGS","12505450",2021-11-03,"07:40",NA,NA,"K","USGS-WRD","WS","CCYKSW",NA,NA,NA,"9","9","9",NA,"PDT","PDT",2021-11-03 14:40:00,"UTC",NA,8.9,NA,NA,"S",NA,NA,NA,NA,NA,NA,NA,NA,"USGS-WRD"
"USGS","12505450",2021-12-07,"07:50",NA,NA,"K","USGS-WRD","WS","CCYKSW",NA,NA,NA,"9","9","9",NA,"PDT","PDT",2021-12-07 14:50:00,"UTC",NA,9.2,NA,NA,"S",NA,NA,NA,NA,NA,NA,NA,NA,"USGS-WRD"
"USGS","12508790",2017-04-17,"08:37",NA,NA,"K","USGS-WRD","WS","EH700",NA,NA,NA,"X","9","X",NA,"PDT","PDT",2017-04-17 15:37:00,"UTC",NA,11.7,NA,"LUMIN","R",NA,NA,NA,NA,NA,NA,NA,NA,NA
"USGS","12508790",2017-05-19,"11:12",NA,NA,"K","USGS-WRD","WS","EH700",NA,NA,NA,"X","9","X","L-1440298 Removed schedule 2694 and added LC3156 per W. Landrum. JPC 5/24/14","PDT","PDT",2017-05-19 18:12:00,"UTC",NA,10.3,NA,"MEMBR","R",NA,NA,NA,NA,NA,NA,NA,NA,NA
"USGS","12508790",2017-08-09,"11:12",NA,NA,"K","USGS-WRD","WS","EH700",NA,NA,NA,"X","9","X",NA,"PDT","PDT",2017-08-09 18:12:00,"UTC",NA,9.3,NA,"MEMBR","R",NA,NA,NA,NA,NA,NA,NA,NA,NA
"USGS","12508790",2017-08-14,"11:43",NA,NA,"K","USGS-WRD","WS","EH700",NA,NA,NA,"X","9","X",NA,"PDT","PDT",2017-08-14 18:43:00,"UTC",NA,9.8,NA,"MEMBR","R",NA,NA,NA,NA,NA,NA,NA,NA,NA
"USGS","12508790",2017-09-21,"10:52",NA,NA,"K","USGS-WRD","WS","EH700",NA,NA,NA,"X","9","X",NA,"PDT","PDT",2017-09-21 17:52:00,"UTC",NA,9.5,NA,"MEMBR","R",NA,NA,NA,NA,NA,NA,NA,NA,NA
"USGS","12508790",2017-10-30,"10:26",NA,NA,"K","USGS-WRD","WS","EH700",NA,NA,NA,"X","9","X",NA,"PDT","PDT",2017-10-30 17:26:00,"UTC",NA,3.6,NA,"MEMBR","R",NA,NA,NA,NA,NA,NA,NA,NA,NA
"USGS","12508790",2017-12-12,"10:12",NA,NA,"K","USGS-WRD","WS","EH700",NA,NA,NA,"X","9","X",NA,"PST","PST",2017-12-12 18:12:00,"UTC",NA,12.4,NA,"MEMBR","R",NA,NA,NA,NA,NA,NA,NA,NA,NA
"USGS","12508840",2017-04-17,"09:32",NA,NA,"K","USGS-WRD","WS","EH700",NA,NA,NA,"X","9","X",NA,"PDT","PDT",2017-04-17 16:32:00,"UTC",NA,10.5,NA,"LUMIN","R",NA,NA,NA,NA,NA,NA,NA,NA,NA
"USGS","12508840",2017-05-19,"12:03",NA,NA,"K","USGS-WRD","WS","EH700",NA,NA,NA,"X","9","X","L-1440288 Removed schedule 2694 and added LC3156 per W. Landrum. JPC 5/24/14","PDT","PDT",2017-05-19 19:03:00,"UTC",NA,10.5,NA,"MEMBR","R",NA,NA,NA,NA,NA,NA,NA,NA,NA
"USGS","12508840",2017-08-09,"09:14",NA,NA,"K","USGS-WRD","WS","EH700",NA,NA,NA,"X","9","X",NA,"PDT","PDT",2017-08-09 16:14:00,"UTC",NA,8.6,NA,"MEMBR","R",NA,NA,NA,NA,NA,NA,NA,NA,NA
"USGS","12508840",2017-08-14,"10:54",NA,NA,"K","USGS-WRD","WS","EH700",NA,NA,NA,"X","9","X",NA,"PDT","PDT",2017-08-14 17:54:00,"UTC",NA,9.5,NA,"MEMBR","R",NA,NA,NA,NA,NA,NA,NA,NA,NA
"USGS","12508840",2017-09-21,"08:27",NA,NA,"K","USGS-WRD","WS","EH700",NA,NA,NA,"X","7","X",NA,"PDT","PDT",2017-09-21 15:27:00,"UTC",NA,9.2,NA,"MEMBR","R",NA,NA,NA,NA,NA,NA,NA,NA,NA
"USGS","12508840",2017-10-30,"11:15",NA,NA,"K","USGS-WRD","WS","EH700",NA,NA,NA,"X","9","X",NA,"PDT","PDT",2017-10-30 18:15:00,"UTC",NA,5.8,NA,"MEMBR","R",NA,NA,NA,NA,NA,NA,NA,NA,NA
"USGS","12508840",2017-12-12,"11:41",NA,NA,"K","USGS-WRD","WS","EH700",NA,NA,NA,"X","9","X",NA,"PST","PST",2017-12-12 19:41:00,"UTC",NA,11.3,NA,"MEMBR","R",NA,NA,NA,NA,NA,NA,NA,NA,NA
"USGS","12508850",2017-04-17,"09:51",NA,NA,"K","USGS-WRD","WS","EH700",NA,NA,NA,"X","9","X",NA,"PDT","PDT",2017-04-17 16:51:00,"UTC",NA,12,NA,"LUMIN","R",NA,NA,NA,NA,NA,NA,NA,NA,NA
"USGS","12508850",2017-05-19,"12:43",NA,NA,"K","USGS-WRD","WS","EH700",NA,NA,NA,"X","9","X","L-1440310 Removed schedule 2694 and added LC3156 per W. Landrum. JPC 5/24/14","PDT","PDT",2017-05-19 19:43:00,"UTC",NA,10.3,NA,"MEMBR","R",NA,NA,NA,NA,NA,NA,NA,NA,NA
"USGS","12508850",2017-08-09,"07:54",NA,NA,"K","USGS-WRD","WS","EH700",NA,NA,NA,"X","9","X",NA,"PDT","PDT",2017-08-09 14:54:00,"UTC",NA,10.4,NA,"MEMBR","R",NA,NA,NA,NA,NA,NA,NA,NA,NA
"USGS","12508850",2017-08-14,"09:43",NA,NA,"K","USGS-WRD","WS","EH700",NA,NA,NA,"X","9","X",NA,"PDT","PDT",2017-08-14 16:43:00,"UTC",NA,8.9,NA,"MEMBR","R",NA,NA,NA,NA,NA,NA,NA,NA,NA
"USGS","12508850",2017-09-21,"07:51",NA,NA,"K","USGS-WRD","WS","EH700",NA,NA,NA,"X","7","X",NA,"PDT","PDT",2017-09-21 14:51:00,"UTC",NA,9.8,NA,"MEMBR","R",NA,NA,NA,NA,NA,NA,NA,NA,NA
"USGS","12508850",2017-10-30,"11:49",NA,NA,"K","USGS-WRD","WS","EH700",NA,NA,NA,"X","9","X",NA,"PDT","PDT",2017-10-30 18:49:00,"UTC",NA,7,NA,"MEMBR","R",NA,NA,NA,NA,NA,NA,NA,NA,NA
"USGS","12508850",2017-12-12,"12:14",NA,NA,"K","USGS-WRD","WS","EH700",NA,NA,NA,"X","9","X",NA,"PST","PST",2017-12-12 20:14:00,"UTC",NA,12.8,NA,"MEMBR","R",NA,NA,NA,NA,NA,NA,NA,NA,NA
"USGS","12510500",2007-10-24,"12:00",NA,NA,"K","USGS-WRD","WS","9722CRMCC",NA,NA,NA,"9","9","9",NA,"PDT","PDT",2007-10-24 19:00:00,"UTC",NA,10.6,NA,NA,"R",NA,NA,NA,NA,NA,NA,NA,NA,"USGS-WRD"
"USGS","12510500",2007-11-20,"12:00",NA,NA,"K","USGS-WRD","WS","9722CRMCC",NA,NA,NA,"9","9","9",NA,"PST","PST",2007-11-20 20:00:00,"UTC",NA,12.5,NA,NA,"R",NA,NA,NA,NA,NA,NA,NA,NA,"USGS-WRD"
"USGS","12510500",2007-12-12,"11:10",NA,NA,"K","USGS-WRD","WS","9722CRMCC",NA,NA,NA,"9","9","9",NA,"PST","PST",2007-12-12 19:10:00,"UTC",NA,15.2,NA,NA,"R",NA,NA,NA,NA,NA,NA,NA,NA,"USGS-WRD"
"USGS","12510500",2008-01-15,"10:50",NA,NA,"K","USGS-WRD","WS","9722CRMCC",NA,NA,NA,"5","9","9",NA,"PST","PST",2008-01-15 18:50:00,"UTC",NA,14.4,NA,"MEMBR","R",NA,NA,NA,NA,NA,NA,NA,NA,"USGS-WRD"
"USGS","12510500",2008-02-20,"10:40",NA,NA,"K","USGS-WRD","WS","9722CRMCC",NA,NA,NA,"9","9","9",NA,"PST","PST",2008-02-20 18:40:00,"UTC",NA,13.8,NA,"MEMBR","R",NA,NA,NA,NA,NA,NA,NA,NA,"USGS-WRD"
"USGS","12510500",2008-03-17,"11:50",NA,NA,"K","USGS-WRD","WS","9722CRMCC",NA,NA,NA,"9","9","9",NA,"PDT","PDT",2008-03-17 18:50:00,"UTC",NA,12.2,NA,"MEMBR","R",NA,NA,NA,NA,NA,NA,NA,NA,"USGS-WRD"
"USGS","12510500",2008-04-16,"11:20",NA,NA,"K","USGS-WRD","WS","9722CRMCC",NA,NA,NA,"9","9","9",NA,"PDT","PDT",2008-04-16 18:20:00,"UTC",NA,12.2,NA,"MEMBR","R",NA,NA,NA,NA,NA,NA,NA,NA,"USGS-WRD"
"USGS","12510500",2008-05-06,"11:20",NA,NA,"K","USGS-WRD","WS","9722CRMCC",NA,NA,NA,"9","9","9",NA,"PDT","PDT",2008-05-06 18:20:00,"UTC",NA,10.8,NA,"MEMBR","R",NA,NA,NA,NA,NA,NA,NA,NA,"USGS-WRD"
"USGS","12510500",2008-05-19,"10:40",NA,NA,"K","USGS-WRD","WS","9722CRMCC",NA,NA,NA,"8","9","4",NA,"PDT","PDT",2008-05-19 17:40:00,"UTC",NA,9.4,NA,"MEMBR","R",NA,NA,NA,NA,NA,NA,NA,NA,"USGS-WRD"
"USGS","12510500",2008-06-02,"11:30",NA,NA,"K","USGS-WRD","WS","9722CRMCC",NA,NA,NA,"9","9","9",NA,"PDT","PDT",2008-06-02 18:30:00,"UTC",NA,9.4,NA,"MEMBR","R",NA,NA,NA,NA,NA,NA,NA,NA,"USGS-WRD"
"USGS","12510500",2008-06-16,"12:00",NA,NA,"K","USGS-WRD","WS","9722CRMCC",NA,NA,NA,"9","9","9",NA,"PDT","PDT",2008-06-16 19:00:00,"UTC",NA,12.5,NA,"MEMBR","R",NA,NA,NA,NA,NA,NA,NA,NA,"USGS-WRD"
"USGS","12510500",2008-07-07,"12:00",NA,NA,"K","USGS-WRD","WS","9722CRMCC",NA,NA,NA,"9","9","9",NA,"PDT","PDT",2008-07-07 19:00:00,"UTC",NA,9.3,NA,"MEMBR","R",NA,NA,NA,NA,NA,NA,NA,NA,"USGS-WRD"
"USGS","12510500",2008-07-17,"11:50",NA,NA,"K","USGS-WRD","WS","9722CRMCC",NA,NA,NA,"9","9","9",NA,"PDT","PDT",2008-07-17 18:50:00,"UTC",NA,11.3,NA,"MEMBR","R",NA,NA,NA,NA,NA,NA,NA,NA,"USGS-WRD"
"USGS","12510500",2008-08-05,"11:10",NA,NA,"K","USGS-WRD","WS","9722CRMCC",NA,NA,NA,"9","9","9","L-2190154 WSC emailed for valid NAWQA proj code, paa, 8/9/08..  ST proj code added per dwight, paa, 8/11/08","PDT","PDT",2008-08-05 18:10:00,"UTC",NA,10.4,NA,"MEMBR","R",NA,NA,NA,NA,NA,NA,NA,NA,"USGS-WRD"
"USGS","12510500",2008-08-19,"12:20",NA,NA,"K","USGS-WRD","WS","9722CRMCC",NA,NA,NA,"9","9","9",NA,"PDT","PDT",2008-08-19 19:20:00,"UTC",NA,10.2,NA,"MEMBR","R",NA,NA,NA,NA,NA,NA,NA,NA,"USGS-WRD"
"USGS","12510500",2008-09-15,"10:50",NA,NA,"K","USGS-WRD","WS","9722CRMCC",NA,NA,NA,"9","9","9",NA,"PDT","PDT",2008-09-15 17:50:00,"UTC",NA,10.4,NA,"MEMBR","R",NA,NA,NA,NA,NA,NA,NA,NA,"USGS-WRD"
"USGS","12510500",2011-10-26,"10:00",NA,NA,"K","USGS-WRD","WS","GX12YG00C",NA,NA,NA,"9","9","9",NA,"PDT","PDT",2011-10-26 17:00:00,"UTC",NA,10.7,NA,"MEMBR","R",NA,NA,NA,NA,NA,NA,NA,NA,NA
"USGS","12510500",2011-11-14,"10:00",NA,NA,"K","USGS-WRD","WS","GX12YG00C",NA,NA,NA,"9","9","9",NA,"PST","PST",2011-11-14 18:00:00,"UTC",NA,13.2,NA,"MEMBR","R",NA,NA,NA,NA,NA,NA,NA,NA,NA
"USGS","12510500",2011-12-20,"10:00",NA,NA,"K","USGS-WRD","WS","CCYK",NA,NA,NA,"9","9","9",NA,"PST","PST",2011-12-20 18:00:00,"UTC",NA,14,NA,"MEMBR","R",NA,NA,NA,NA,NA,NA,NA,NA,NA
"USGS","12510500",2012-01-23,"09:50",NA,NA,"K","USGS-WRD","WS","CCYK",NA,NA,NA,"9","9","9",NA,"PST","PST",2012-01-23 17:50:00,"UTC",NA,13.4,NA,"MEMBR","R",NA,NA,NA,NA,NA,NA,NA,NA,NA
"USGS","12510500",2012-02-27,"10:10",NA,NA,"K","USGS-WRD","WS","CCYK",NA,NA,NA,"9","9","9",NA,"PST","PST",2012-02-27 18:10:00,"UTC",NA,12.6,NA,"MEMBR","R",NA,NA,NA,NA,NA,NA,NA,NA,NA
"USGS","12510500",2012-03-20,"08:30",NA,NA,"K","USGS-WRD","WS","CCYK",NA,NA,NA,"9","9","9","L-0820004 Received March 21, 2012   WCA condition changed to improper preservation, JNV","PDT","PDT",2012-03-20 15:30:00,"UTC",NA,11.9,NA,"MEMBR","R",NA,NA,NA,NA,NA,NA,NA,NA,NA
"USGS","12510500",2012-04-10,"09:30",NA,NA,"K","USGS-WRD","WS","CCYK",NA,NA,NA,"9","9","9",NA,"PDT","PDT",2012-04-10 16:30:00,"UTC",NA,10.5,NA,"MEMBR","R",NA,NA,NA,NA,NA,NA,NA,NA,NA
"USGS","12510500",2012-05-07,"09:20",NA,NA,"K","USGS-WRD","WS","CCYK",NA,NA,NA,"9","9","9",NA,"PDT","PDT",2012-05-07 16:20:00,"UTC",NA,11.1,NA,"MEMBR","R",NA,NA,NA,NA,NA,NA,NA,NA,NA
"USGS","12510500",2012-05-22,"09:00",NA,NA,"K","USGS-WRD","WS","CCYK",NA,NA,NA,"9","9","9","L-1440166 Lab codes not indicated as add or delete, LC's added, JNV","PDT","PDT",2012-05-22 16:00:00,"UTC",NA,10.6,NA,"MEMBR","R",NA,NA,NA,NA,NA,NA,NA,NA,NA
"USGS","12510500",2012-06-05,"09:10",NA,NA,"K","USGS-WRD","WS","CCYK",NA,NA,NA,"8","9","9",NA,"PDT","PDT",2012-06-05 16:10:00,"UTC",NA,10,NA,"MEMBR","R",NA,NA,NA,NA,NA,NA,NA,NA,NA
"USGS","12510500",2012-06-19,"08:50",NA,NA,"K","USGS-WRD","WS","CCYK",NA,NA,NA,"9","9","9","L-1740052 Received June 20, 2012","PDT","PDT",2012-06-19 15:50:00,"UTC",NA,9.6,NA,"MEMBR","R",NA,NA,NA,NA,NA,NA,NA,NA,NA
"USGS","12510500",2012-07-10,"08:40",NA,NA,"K","USGS-WRD","WS","CCYK",NA,NA,NA,"9","9","9","A-1930097 S2033 Environmental","PDT","PDT",2012-07-10 15:40:00,"UTC",NA,8.5,NA,"MEMBR","R",NA,NA,NA,NA,NA,NA,NA,NA,NA
"USGS","12510500",2012-07-24,"08:50",NA,NA,"K","USGS-WRD","WS","CCYK",NA,NA,NA,"9","9","9",NA,"PDT","PDT",2012-07-24 15:50:00,"UTC",NA,8.6,NA,"LUMIN","R",NA,NA,NA,NA,NA,NA,NA,NA,"USGS-WRD"
"USGS","12510500",2012-08-06,"11:30",NA,NA,"K","USGS-WRD","WS","CCYK",NA,NA,NA,"9","9","9","A-2200094 S2033 Environmental L-2200094 Study smpls recvd in two coolers,  paa","PDT","PDT",2012-08-06 18:30:00,"UTC",NA,11.5,NA,"MEMBR","R",NA,NA,NA,NA,NA,NA,NA,NA,NA
"USGS","12510500",2012-08-21,"09:30",NA,NA,"K","USGS-WRD","WS","CCYK",NA,NA,NA,"9","9","9",NA,"PDT","PDT",2012-08-21 16:30:00,"UTC",NA,8,NA,"MEMBR","R",NA,NA,NA,NA,NA,NA,NA,NA,NA
"USGS","12510500",2012-09-05,"09:10",NA,NA,"K","USGS-WRD","WS","CCYK",NA,NA,NA,"9","9","9","A-2500271 S2033 Environmental","PDT","PDT",2012-09-05 16:10:00,"UTC",NA,8.8,NA,"MEMBR","R",NA,NA,NA,NA,NA,NA,NA,NA,NA
"USGS","12510500",2012-10-10,"10:30",NA,NA,"K","USGS","WS","CCYK",NA,NA,NA,"9","9","9","A-2850039 100mL of filtered water used for all 6 TPCN filters, and 20mL of filtered sample water used for the PEST sample.","PDT","PDT",2012-10-10 17:30:00,"UTC",NA,10.8,NA,"LUMIN","R",NA,NA,NA,NA,NA,NA,NA,NA,"USGS-WRD"
"USGS","12510500",2012-11-05,"10:00",NA,NA,"K","USGS","WS","CCYK",NA,NA,NA,"9","9","9","A-3110148 20mL of filtered sample water for PEST. L-3110148 invalid NAWQA proposal CL13CCYK changed to CL13NAWWA, paa, 11/9/12","PST","PST",2012-11-05 18:00:00,"UTC",NA,10.9,NA,"LUMIN","R",NA,NA,NA,NA,NA,NA,NA,NA,"USGS-WRD"
"USGS","12510500",2012-12-04,"11:00",NA,NA,"K","USGS","WS","CCYK",NA,NA,NA,"9","9","9","L-3410031 Received December 05, 2012","PST","PST",2012-12-04 19:00:00,"UTC",NA,11.9,NA,"LUMIN","R",NA,NA,NA,NA,NA,NA,NA,NA,"USGS-WRD"
"USGS","12510500",2013-01-08,"09:40",NA,NA,"K","USGS","WS","CCYK",NA,NA,NA,"9","9","9",NA,"PST","PST",2013-01-08 17:40:00,"UTC",NA,13,NA,"LUMIN","R",NA,NA,NA,NA,NA,NA,NA,NA,"USGS-WRD"
"USGS","12510500",2013-02-06,"09:10",NA,NA,"K","USGS","WS","CCYK",NA,NA,NA,"9","9","9",NA,"PST","PST",2013-02-06 17:10:00,"UTC",NA,12.4,NA,"LUMIN","R",NA,NA,NA,NA,NA,NA,NA,NA,"USGS-WRD"
"USGS","12510500",2013-03-05,"08:00",NA,NA,"K","USGS","WS","CCYK",NA,NA,NA,"9","9","9",NA,"PST","PST",2013-03-05 16:00:00,"UTC",NA,12.8,NA,"LUMIN","R",NA,NA,NA,NA,NA,NA,NA,NA,"USGS-WRD"
"USGS","12510500",2013-03-19,"09:00",NA,NA,"K","USGS","WS","CCYK",NA,NA,NA,"9","9","9","LabSampleID: 280-43647-111","PDT","PDT",2013-03-19 16:00:00,"UTC",NA,11.2,NA,"LUMIN","R",NA,NA,NA,NA,NA,NA,NA,NA,"USGS-WRD"
"USGS","12510500",2013-04-10,"08:10",NA,NA,"K","USGS","WS","CCYK",NA,NA,NA,"6","9","9","L-1020023 Received April 11, 2013","PDT","PDT",2013-04-10 15:10:00,"UTC",NA,10.8,NA,"LUMIN","R",NA,NA,NA,NA,NA,NA,NA,NA,"USGS-WRD"
"USGS","12510500",2013-04-23,"09:00",NA,NA,"K","USGS","WS","CCYK",NA,NA,NA,"9","9","9",NA,"PDT","PDT",2013-04-23 16:00:00,"UTC",NA,9.3,NA,"LUMIN","R",NA,NA,NA,NA,NA,NA,NA,NA,"USGS-WRD"
"USGS","12510500",2013-05-06,"09:40",NA,NA,"K","USGS","WS","CCYK",NA,NA,NA,"8","9","9",NA,"PDT","PDT",2013-05-06 16:40:00,"UTC",NA,9.6,NA,"LUMIN","R",NA,NA,NA,NA,NA,NA,NA,NA,"USGS-WRD"
"USGS","12510500",2013-05-21,"09:20",NA,NA,"K","USGS","WS","CCYK",NA,NA,NA,"9","9","9",NA,"PDT","PDT",2013-05-21 16:20:00,"UTC",NA,9.3,NA,"LUMIN","R",NA,NA,NA,NA,NA,NA,NA,NA,"USGS-WRD"
"USGS","12510500",2013-06-04,"09:10",NA,NA,"K","USGS","WS","CCYK",NA,NA,NA,"9","9","9","L-1570063 Received June 05, 2013","PDT","PDT",2013-06-04 16:10:00,"UTC",NA,9.3,NA,"LUMIN","R",NA,NA,NA,NA,NA,NA,NA,NA,"USGS-WRD"
"USGS","12510500",2013-06-18,"09:00",NA,NA,"K","USGS","WS","CCYK",NA,NA,NA,"9","9","9",NA,"PDT","PDT",2013-06-18 16:00:00,"UTC",NA,7.4,NA,"LUMIN","R",NA,NA,NA,NA,NA,NA,NA,NA,"USGS-WRD"
"USGS","12510500",2013-07-09,"09:30",NA,NA,"K","USGS","WS","CCYK",NA,NA,NA,"9","9","9","L-1910054 WCA changed to improper preseervation, jd","PDT","PDT",2013-07-09 16:30:00,"UTC",NA,8.2,NA,"LUMIN","R",NA,NA,NA,NA,NA,NA,NA,NA,"USGS-WRD"
"USGS","12510500",2013-07-25,"09:30",NA,NA,"K","USGS","WS","CCYK",NA,NA,NA,"9","9","9","L-2110078 Received July 26,2013..  NAWQA program code of SWMSA added, paa, 8/9/13","PDT","PDT",2013-07-25 16:30:00,"UTC",NA,8,NA,"LUMIN","R",NA,NA,NA,NA,NA,NA,NA,NA,"USGS-WRD"
"USGS","12510500",2013-08-06,"08:50",NA,NA,"K","USGSWAWC","WS","CCYK",NA,NA,NA,"9","9","9","L-2200019 Received August 7, 2013","PDT","PDT",2013-08-06 15:50:00,"UTC",NA,7.9,NA,"LUMIN","R",NA,NA,NA,NA,NA,NA,NA,NA,"USGS-WRD"
"USGS","12510500",2013-08-22,"07:40",NA,NA,"K","USGSWAWC","WS","CCYK",NA,NA,NA,"9","9","9","L-2380240 Received August 24, 2013","PDT","PDT",2013-08-22 14:40:00,"UTC",NA,7.4,NA,"LUMIN","R",NA,NA,NA,NA,NA,NA,NA,NA,"USGS-WRD"
"USGS","12510500",2013-09-03,"08:00",NA,NA,"K","USGSWAWC","WS","CCYK",NA,NA,NA,"9","9","9",NA,"PDT","PDT",2013-09-03 15:00:00,"UTC",NA,7.3,NA,"LUMIN","R",NA,NA,NA,NA,NA,NA,NA,NA,"USGS-WRD"
"USGS","12510500",2013-10-22,"09:20",NA,NA,"K","USGSWAWC","WS","CCYK",NA,NA,NA,"9","9","9",NA,"PDT","PDT",2013-10-22 16:20:00,"UTC",NA,11.2,NA,"LUMIN","R",NA,NA,NA,NA,NA,NA,NA,NA,"USGS-WRD"
"USGS","12510500",2013-11-05,"08:00",NA,NA,"K","USGSWAWC","WS","CCYK",NA,NA,NA,"9","9","9",NA,"PST","PST",2013-11-05 16:00:00,"UTC",NA,11.6,NA,"LUMIN","R",NA,NA,NA,NA,NA,NA,NA,NA,"USGS-WRD"
"USGS","12510500",2013-12-16,"09:30",NA,NA,"K","USGS-WRD","WS","CCYK",NA,NA,NA,"9","9","9",NA,"PST","PST",2013-12-16 17:30:00,"UTC",NA,15,NA,"MEMBR","R",NA,NA,NA,NA,NA,NA,NA,NA,NA
"USGS","12510500",2014-01-07,"09:00",NA,NA,"K","USGS-WRD","WS","CCYK",NA,NA,NA,"9","9","9",NA,"PST","PST",2014-01-07 17:00:00,"UTC",NA,16.6,NA,"MEMBR","R",NA,NA,NA,NA,NA,NA,NA,NA,"USGS-WRD"
"USGS","12510500",2014-02-04,"08:40",NA,NA,"K","USGS-WRD","WS","CCYK",NA,NA,NA,"9","9","9",NA,"PST","PST",2014-02-04 16:40:00,"UTC",NA,14.7,NA,"MEMBR","R",NA,NA,NA,NA,NA,NA,NA,NA,"USGS-WRD"
"USGS","12510500",2014-03-04,"08:40",NA,NA,"K","USGS-WRD","WS","CCYK",NA,NA,NA,"9","9","9",NA,"PST","PST",2014-03-04 16:40:00,"UTC",NA,17.3,NA,"MEMBR","R",NA,NA,NA,NA,NA,NA,NA,NA,"USGS-WRD"
"USGS","12510500",2014-03-19,"08:40",NA,NA,"K","USGS-WRD","WS","CCYK",NA,NA,NA,"9","9","9",NA,"PDT","PDT",2014-03-19 15:40:00,"UTC",NA,15.7,NA,"MEMBR","R",NA,NA,NA,NA,NA,NA,NA,NA,"USGS-WRD"
"USGS","12510500",2014-04-08,"08:10",NA,NA,"K","USGS-WRD","WS","CCYK",NA,NA,NA,"9","9","9","MM-38428A","PDT","PDT",2014-04-08 15:10:00,"UTC",NA,10.4,NA,"MEMBR","R",NA,NA,NA,NA,NA,NA,NA,NA,"USGS-WRD"
"USGS","12510500",2014-04-22,"08:40",NA,NA,"K","USGS-WRD","WS","CCYK",NA,NA,NA,"9","9","9","MM-38430A","PDT","PDT",2014-04-22 15:40:00,"UTC",NA,10.4,NA,"MEMBR","R",NA,NA,NA,NA,NA,NA,NA,NA,"USGS-WRD"
"USGS","12510500",2014-05-06,"10:30",NA,NA,"K","USGS-WRD","WS","CCYK",NA,NA,NA,"5","9","9","MM-38432A","PDT","PDT",2014-05-06 17:30:00,"UTC",NA,10.6,NA,"MEMBR","R",NA,NA,NA,NA,NA,NA,NA,NA,"USGS-WRD"
"USGS","12510500",2014-05-20,"09:00",NA,NA,"K","USGS-WRD","WS","CCYK",NA,NA,NA,"9","9","9","MM-38435A","PDT","PDT",2014-05-20 16:00:00,"UTC",NA,10,NA,"MEMBR","R",NA,NA,NA,NA,NA,NA,NA,NA,"USGS-WRD"
"USGS","12510500",2014-06-03,"08:30",NA,NA,"K","USGS-WRD","WS","CCYK",NA,NA,NA,"9","9","9","MM-38437A","PDT","PDT",2014-06-03 15:30:00,"UTC",NA,8.8,NA,"MEMBR","R",NA,NA,NA,NA,NA,NA,NA,NA,"USGS-WRD"
"USGS","12510500",2014-06-17,"08:45",NA,NA,"K","USGS-WRD","WS","CCYK",NA,NA,NA,"9","9","9","L-1710046 Received June 18, 2014","PDT","PDT",2014-06-17 15:45:00,"UTC",NA,9.3,NA,"MEMBR","R",NA,NA,NA,NA,NA,NA,NA,NA,"USGS-WRD"
"USGS","12510500",2014-07-08,"08:15",NA,NA,"K","USGS-WRD","WS","CCYK",NA,NA,NA,"9","9","9","MM-39214A","PDT","PDT",2014-07-08 15:15:00,"UTC",NA,7.6,NA,"MEMBR","R",NA,NA,NA,NA,NA,NA,NA,NA,"USGS-WRD"
"USGS","12510500",2014-07-15,"08:30",NA,NA,"K","USGS-WRD","WS","CCYK",NA,NA,NA,"9","9","9","MM-39218A","PDT","PDT",2014-07-15 15:30:00,"UTC",NA,8.3,NA,"MEMBR","R",NA,NA,NA,NA,NA,NA,NA,NA,"USGS-WRD"
"USGS","12510500",2014-08-05,"08:30",NA,NA,"K","USGS-WRD","WS","CCYK",NA,NA,NA,"9","9","9","MM-39212A","PDT","PDT",2014-08-05 15:30:00,"UTC",NA,7.6,NA,"MEMBR","R",NA,NA,NA,NA,NA,NA,NA,NA,"USGS-WRD"
"USGS","12510500",2014-08-18,"08:00",NA,NA,"K","USGS-WRD","WS","CCYK",NA,NA,NA,"9","9","9","MM-39220A","PDT","PDT",2014-08-18 15:00:00,"UTC",NA,7.4,NA,"MEMBR","R",NA,NA,NA,NA,NA,NA,NA,NA,"USGS-WRD"
"USGS","12510500",2014-09-23,"08:30",NA,NA,"K","USGS-WRD","WS","CCYK",NA,NA,NA,"9","9","9","MM-39569A","PDT","PDT",2014-09-23 15:30:00,"UTC",NA,7.5,NA,"MEMBR","R",NA,NA,NA,NA,NA,NA,NA,NA,"USGS-WRD"
"USGS","12510500",2014-10-07,"08:40",NA,NA,"K","USGS-WRD","WS","00CRMCC00",NA,NA,NA,"9","9","9","MM-40323A","PDT","PDT",2014-10-07 15:40:00,"UTC",NA,8.6,NA,"MEMBR","R",NA,NA,NA,NA,NA,NA,NA,NA,"USGS-WRD"
"USGS","12510500",2014-11-17,"09:20",NA,NA,"K","USGS-WRD","WS","00CRMCC00",NA,NA,NA,"9","9","9","MM-40324A","PST","PST",2014-11-17 17:20:00,"UTC",NA,13.4,NA,"MEMBR","R",NA,NA,NA,NA,NA,NA,NA,NA,"USGS-WRD"
"USGS","12510500",2014-12-16,"09:00",NA,NA,"K","USGS-WRD","WS","00CRMCC00",NA,NA,NA,"9","9","9","MM-40325A","PST","PST",2014-12-16 17:00:00,"UTC",NA,12.4,NA,"MEMBR","R",NA,NA,NA,NA,NA,NA,NA,NA,"USGS-WRD"
"USGS","12510500",2015-01-07,"08:30",NA,NA,"K","USGS-WRD","WS","00CRMCC00",NA,NA,NA,"8","9","9","MM-40326A","PST","PST",2015-01-07 16:30:00,"UTC",NA,13.3,NA,"MEMBR","R",NA,NA,NA,NA,NA,NA,NA,NA,"USGS-WRD"
"USGS","12510500",2015-02-04,"09:00",NA,NA,"K","USGS-WRD","WS","00CRMCC00",NA,NA,NA,"9","9","9","MM-41262A","PST","PST",2015-02-04 17:00:00,"UTC",NA,12.2,NA,"MEMBR","R",NA,NA,NA,NA,NA,NA,NA,NA,"USGS-WRD"
"USGS","12510500",2015-03-25,"08:30",NA,NA,"K","USGS-WRD","WS","00CRMCC00",NA,NA,NA,"9","9","9","MM-41263A","PDT","PDT",2015-03-25 15:30:00,"UTC",NA,10.8,NA,"MEMBR","R",NA,NA,NA,NA,NA,NA,NA,NA,"USGS-WRD"
"USGS","12510500",2015-04-06,"08:30",NA,NA,"K","USGS-WRD","WS","00CRMCC00",NA,NA,NA,"9","9","9","MM-41264A","PDT","PDT",2015-04-06 15:30:00,"UTC",NA,10.5,NA,"MEMBR","R",NA,NA,NA,NA,NA,NA,NA,NA,"USGS-WRD"
"USGS","12510500",2015-04-27,"08:30",NA,NA,"K","USGS-WRD","WS","00CRMCC00",NA,NA,NA,"9","9","9","L-1190097 FED EX LATE DELIVERY","PDT","PDT",2015-04-27 15:30:00,"UTC",NA,9.5,NA,"MEMBR","R",NA,NA,NA,NA,NA,NA,NA,NA,"USGS-WRD"
"USGS","12510500",2015-05-05,"09:20",NA,NA,"K","USGS-WRD","WS","00CRMCC00",NA,NA,NA,"4","9","9","MM-41266A","PDT","PDT",2015-05-05 16:20:00,"UTC",NA,8.8,NA,"MEMBR","R",NA,NA,NA,NA,NA,NA,NA,NA,"USGS-WRD"
"USGS","12510500",2015-05-19,"08:20",NA,NA,"K","USGS-WRD","WS","00CRMCC00",NA,NA,NA,"9","9","9","MM-43407A","PDT","PDT",2015-05-19 15:20:00,"UTC",NA,8.2,NA,"MEMBR","R",NA,NA,NA,NA,NA,NA,NA,NA,"USGS-WRD"
"USGS","12510500",2015-06-01,"08:10",NA,NA,"K","USGS-WRD","WS","00CRMCC00",NA,NA,NA,"9","9","9","MM-43408A","PDT","PDT",2015-06-01 15:10:00,"UTC",NA,7.5,NA,"MEMBR","R",NA,NA,NA,NA,NA,NA,NA,NA,"USGS-WRD"
"USGS","12510500",2015-06-23,"08:50",NA,NA,"K","USGS-WRD","WS","00CRMCC00",NA,NA,NA,"4","9","9","MM-43409A","PDT","PDT",2015-06-23 15:50:00,"UTC",NA,9.3,NA,"MEMBR","R",NA,NA,NA,NA,NA,NA,NA,NA,"USGS-WRD"
"USGS","12510500",2015-07-06,"08:30",NA,NA,"K","USGS-WRD","WS","00CRMCC00",NA,NA,NA,"4","9","9","MM-43411A","PDT","PDT",2015-07-06 15:30:00,"UTC",NA,7.4,NA,"MEMBR","R",NA,NA,NA,NA,NA,NA,NA,NA,"USGS-WRD"
"USGS","12510500",2015-07-28,"09:30",NA,NA,"K","USGS-WRD","WS","00CRMCC00",NA,NA,NA,"4","9","9","MM-43413A","PDT","PDT",2015-07-28 16:30:00,"UTC",NA,9.5,NA,"MEMBR","R",NA,NA,NA,NA,NA,NA,NA,NA,"USGS-WRD"
"USGS","12510500",2015-08-25,"08:50",NA,NA,"K","USGS-WRD","WS","00CRMCC00",NA,NA,NA,"4","9","9","MM-43415A","PDT","PDT",2015-08-25 15:50:00,"UTC",NA,9.1,NA,"MEMBR","R",NA,NA,NA,NA,NA,NA,NA,NA,"USGS-WRD"
"USGS","12510500",2015-09-09,"08:50",NA,NA,"K","USGS-WRD","WS","00CRMCC00",NA,NA,NA,"4","9","9","L-2530069 FED EX LATE DELIVERY","PDT","PDT",2015-09-09 15:50:00,"UTC",NA,8.8,NA,"MEMBR","R",NA,NA,NA,NA,NA,NA,NA,NA,"USGS-WRD"
"USGS","12510500",2015-10-13,"08:20",NA,NA,"K","USGS-WRD","WS","00G1ECC00",NA,NA,NA,"4","9","9",NA,"PDT","PDT",2015-10-13 15:20:00,"UTC",NA,9.5,NA,"MEMBR","R",NA,NA,NA,NA,NA,NA,NA,NA,"USGS-WRD"
"USGS","12510500",2015-11-16,"09:30",NA,NA,"K","USGS-WRD","WS","CCYK",NA,NA,NA,"6","9","9",NA,"PST","PST",2015-11-16 17:30:00,"UTC",NA,12,NA,"MEMBR","R",NA,NA,NA,NA,NA,NA,NA,NA,"USGS-WRD"
"USGS","12510500",2015-12-07,"08:30",NA,NA,"K","USGS-WRD","WS","CCYK",NA,NA,NA,"9","9","9",NA,"PST","PST",2015-12-07 16:30:00,"UTC",NA,16.2,NA,"MEMBR","R",NA,NA,NA,NA,NA,NA,NA,NA,"USGS-WRD"
"USGS","12510500",2016-01-19,"08:30",NA,NA,"K","USGS-WRD","WS","CCYK",NA,NA,NA,"9","9","9",NA,"PST","PST",2016-01-19 16:30:00,"UTC",NA,15.2,NA,"MEMBR","R",NA,NA,NA,NA,NA,NA,NA,NA,"USGS-WRD"
"USGS","12510500",2016-02-10,"08:10",NA,NA,"K","USGS-WRD","WS","CCYK",NA,NA,NA,"9","9","9",NA,"PST","PST",2016-02-10 16:10:00,"UTC",NA,14.1,NA,"MEMBR","R",NA,NA,NA,NA,NA,NA,NA,NA,"USGS-WRD"
"USGS","12510500",2016-03-07,"08:30",NA,NA,"K","USGS-WRD","WS","CCYK",NA,NA,NA,"8","9","9",NA,"PST","PST",2016-03-07 16:30:00,"UTC",NA,13.7,NA,"MEMBR","R",NA,NA,NA,NA,NA,NA,NA,NA,"USGS-WRD"
"USGS","12510500",2016-03-29,"08:30",NA,NA,"K","USGS-WRD","WS","CCYKSW",NA,NA,NA,"8","9","9",NA,"PDT","PDT",2016-03-29 15:30:00,"UTC",NA,11.2,NA,"MEMBR","R",NA,NA,NA,NA,NA,NA,NA,NA,"USGS-WRD"
"USGS","12510500",2016-04-13,"08:50",NA,NA,"K","USGS-WRD","WS","CCYKSW",NA,NA,NA,"8","9","9",NA,"PDT","PDT",2016-04-13 15:50:00,"UTC",NA,10.6,NA,"MEMBR","R",NA,NA,NA,NA,NA,NA,NA,NA,"USGS-WRD"
"USGS","12510500",2016-04-21,"08:30",NA,NA,"K","USGS-WRD","WS","CCYKSW",NA,NA,NA,"9","9","9",NA,"PDT","PDT",2016-04-21 15:30:00,"UTC",NA,10.4,NA,"MEMBR","R",NA,NA,NA,NA,NA,NA,NA,NA,"USGS-WRD"
"USGS","12510500",2016-05-02,"09:10",NA,NA,"K","USGS-WRD","WS","CCYKSW",NA,NA,NA,"9","9","9",NA,"PDT","PDT",2016-05-02 16:10:00,"UTC",NA,10.3,NA,"MEMBR","R",NA,NA,NA,NA,NA,NA,NA,NA,"USGS-WRD"
"USGS","12510500",2016-05-16,"08:50",NA,NA,"K","USGS-WRD","WS","CCYKSW",NA,NA,NA,"9","9","9",NA,"PDT","PDT",2016-05-16 15:50:00,"UTC",NA,9.7,NA,"MEMBR","R",NA,NA,NA,NA,NA,NA,NA,NA,"USGS-WRD"
"USGS","12510500",2016-06-06,"08:20",NA,NA,"K","USGS-WRD","WS","CCYKSW",NA,NA,NA,"9","9","9",NA,"PDT","PDT",2016-06-06 15:20:00,"UTC",NA,8.5,NA,"MEMBR","R",NA,NA,NA,NA,NA,NA,NA,NA,"USGS-WRD"
"USGS","12510500",2016-06-13,"08:10",NA,NA,"K","USGS-WRD","WS","CCYKSW",NA,NA,NA,"9","9","9",NA,"PDT","PDT",2016-06-13 15:10:00,"UTC",NA,8.5,NA,"MEMBR","R",NA,NA,NA,NA,NA,NA,NA,NA,"USGS-WRD"
"USGS","12510500",2016-07-11,"08:10",NA,NA,"K","USGS-WRD","WS","CCYKSW",NA,NA,NA,"9","9","9",NA,"PDT","PDT",2016-07-11 15:10:00,"UTC",NA,8.4,NA,"MEMBR","R",NA,NA,NA,NA,NA,NA,NA,NA,"USGS-WRD"
"USGS","12510500",2016-07-29,"08:10",NA,NA,"K","USGS-WRD","WS","CCYKSW",NA,NA,NA,"9","9","9",NA,"PDT","PDT",2016-07-29 15:10:00,"UTC",NA,6.7,NA,"MEMBR","R",NA,NA,NA,NA,NA,NA,NA,NA,"USGS-WRD"
"USGS","12510500",2016-08-15,"08:00",NA,NA,"K","USGS-WRD","WS","CCYKSW",NA,NA,NA,"9","9","9","L-2300228 X=no date or time on PEST bottle","PDT","PDT",2016-08-15 15:00:00,"UTC",NA,6.4,NA,"MEMBR","R",NA,NA,NA,NA,NA,NA,NA,NA,"USGS-WRD"
"USGS","12510500",2016-08-29,"08:20",NA,NA,"K","USGS-WRD","WS","CCYKSW",NA,NA,NA,"9","9","9",NA,"PDT","PDT",2016-08-29 15:20:00,"UTC",NA,6.9,NA,"MEMBR","R",NA,NA,NA,NA,NA,NA,NA,NA,"USGS-WRD"
"USGS","12510500",2016-09-06,"08:00",NA,NA,"K","USGS-WRD","WS","CCYKSW",NA,NA,NA,"9","9","9","L-2520076 Use more ice","PDT","PDT",2016-09-06 15:00:00,"UTC",NA,7.2,NA,"MEMBR","R",NA,NA,NA,NA,NA,NA,NA,NA,"USGS-WRD"
"USGS","12510500",2016-10-24,"11:10",NA,NA,"K","USGS-WRD","WS","CCYKSW",NA,NA,NA,"9","9","9",NA,"PDT","PDT",2016-10-24 18:10:00,"UTC",NA,10.3,NA,"MEMBR","R",NA,NA,NA,NA,NA,NA,NA,NA,"USGS-WRD"
"USGS","12510500",2016-11-10,"09:50",NA,NA,"K","USGS-WRD","WS","CCYKSW",NA,NA,NA,"9","9","9",NA,"PST","PST",2016-11-10 17:50:00,"UTC",NA,10.3,NA,"MEMBR","R",NA,NA,NA,NA,NA,NA,NA,NA,"USGS-WRD"
"USGS","12510500",2016-12-13,"11:40",NA,NA,"K","USGS-WRD","WS","CCYKSW",NA,NA,NA,"9","9","9","L-3500127 X=no date or time on PEST","PST","PST",2016-12-13 19:40:00,"UTC",NA,13.8,NA,"MEMBR","R",NA,NA,NA,NA,NA,NA,NA,NA,"USGS-WRD"
"USGS","12510500",2017-01-23,"12:10",NA,NA,"K","USGS-WRD","WS","CCYKSW",NA,NA,NA,"9","9","9","L-0250038 X=no time on FCC","PST","PST",2017-01-23 20:10:00,"UTC",NA,14.3,NA,"MEMBR","R",NA,NA,NA,NA,NA,NA,NA,NA,"USGS-WRD"
"USGS","12510500",2017-02-23,"11:30",NA,NA,"K","USGS-WRD","WS","CCYKSW",NA,NA,NA,"9","9","9",NA,"PST","PST",2017-02-23 19:30:00,"UTC",NA,12.4,NA,"MEMBR","R",NA,NA,NA,NA,NA,NA,NA,NA,"USGS-WRD"
"USGS","12510500",2017-03-01,"10:50",NA,NA,"K","USGS-WRD","WS","CCYKSW",NA,NA,NA,"9","9","9",NA,"PST","PST",2017-03-01 18:50:00,"UTC",NA,13.5,NA,"MEMBR","R",NA,NA,NA,NA,NA,NA,NA,NA,"USGS-WRD"
"USGS","12510500",2017-03-06,"10:50",NA,NA,"K","USGS-WRD","WS","CCYKSW",NA,NA,NA,"9","9","9","L-0680070 FED EX LATE DELIVERY","PST","PST",2017-03-06 18:50:00,"UTC",NA,11.9,NA,"MEMBR","R",NA,NA,NA,NA,NA,NA,NA,NA,"USGS-WRD"
"USGS","12510500",2017-04-03,"08:10",NA,NA,"K","USGS-WRD","WS","CCYKSW",NA,NA,NA,"9","9","9",NA,"PDT","PDT",2017-04-03 15:10:00,"UTC",NA,11,NA,"MEMBR","R",NA,NA,NA,NA,NA,NA,NA,NA,"USGS-WRD"
"USGS","12510500",2017-05-08,"08:20",NA,NA,"K","USGS-WRD","WS","CCYKSW",NA,NA,NA,"9","9","9",NA,"PDT","PDT",2017-05-08 15:20:00,"UTC",NA,10.8,NA,"MEMBR","R",NA,NA,NA,NA,NA,NA,NA,NA,"USGS-WRD"
"USGS","12510500",2017-05-23,"07:30",NA,NA,"K","USGS-WRD","WS","CCYKSW",NA,NA,NA,"9","9","9",NA,"PDT","PDT",2017-05-23 14:30:00,"UTC",NA,9.7,NA,"MEMBR","R",NA,NA,NA,NA,NA,NA,NA,NA,"USGS-WRD"
"USGS","12510500",2017-06-05,"10:50",NA,NA,"K","USGS-WRD","WS","CCYKSW",NA,NA,NA,"9","9","9","L-1580153 PEST has cracked cap, not leaking","PDT","PDT",2017-06-05 17:50:00,"UTC",NA,10,NA,"MEMBR","R",NA,NA,NA,NA,NA,NA,NA,NA,"USGS-WRD"
"USGS","12510500",2017-06-26,"08:00",NA,NA,"K","USGS-WRD","WS","CCYKSW",NA,NA,NA,"9","9","9",NA,"PDT","PDT",2017-06-26 15:00:00,"UTC",NA,8.3,NA,"MEMBR","R",NA,NA,NA,NA,NA,NA,NA,NA,"USGS-WRD"
"USGS","12510500",2017-07-18,"11:00",NA,NA,"K","USGS-WRD","WS","CCYKSW",NA,NA,NA,"4","9","9",NA,"PDT","PDT",2017-07-18 18:00:00,"UTC",NA,9.5,NA,"MEMBR","R",NA,NA,NA,NA,NA,NA,NA,NA,"USGS-WRD"
"USGS","12510500",2017-07-24,"11:40",NA,NA,"K","USGS-WRD","WS","CCYKSW",NA,NA,NA,"4","9","9",NA,"PDT","PDT",2017-07-24 18:40:00,"UTC",NA,10,NA,"MEMBR","R",NA,NA,NA,NA,NA,NA,NA,NA,"USGS-WRD"
"USGS","12510500",2017-08-30,"08:00",NA,NA,"K","USGS-WRD","WS","CCYKSW",NA,NA,NA,"4","9","9",NA,"PDT","PDT",2017-08-30 15:00:00,"UTC",NA,7.8,NA,"MEMBR","R",NA,NA,NA,NA,NA,NA,NA,NA,"USGS-WRD"
"USGS","12510500",2017-09-26,"10:40",NA,NA,"K","USGS-WRD","WS","CCYKSW",NA,NA,NA,"4","9","9",NA,"PDT","PDT",2017-09-26 17:40:00,"UTC",NA,11.2,NA,"MEMBR","R",NA,NA,NA,NA,NA,NA,NA,NA,"USGS-WRD"
"USGS","12510500",2017-10-19,"08:20",NA,NA,"K","USGS-WRD","WS","32GUMGS00",NA,NA,NA,"4","9","9",NA,"PDT","PDT",2017-10-19 15:20:00,"UTC",NA,10.6,NA,"MEMBR","R",NA,NA,NA,NA,NA,NA,NA,NA,"USGS-WRD"
"USGS","12510500",2017-11-08,"11:40",NA,NA,"K","USGS-WRD","WS","CCYKSW",NA,NA,NA,"9","9","9",NA,"PST","PST",2017-11-08 19:40:00,"UTC",NA,9.6,NA,"MEMBR","R",NA,NA,NA,NA,NA,NA,NA,NA,"USGS-WRD"
"USGS","12510500",2017-12-13,"11:30",NA,NA,"K","USGS-WRD","WS","CCYKSW",NA,NA,NA,"9","9","9",NA,"PST","PST",2017-12-13 19:30:00,"UTC",NA,15.3,NA,"MEMBR","R",NA,NA,NA,NA,NA,NA,NA,NA,"USGS-WRD"
"USGS","12510500",2018-01-29,"10:50",NA,NA,"K","USGS-WRD","WS","CCYKSW",NA,NA,NA,"9","9","9","L-0310004 FA btl condition changed to improper preservation, JNV    Lab acidification lab code 3105 added, JNV   WCA btl condition changed to improper preservation, JNV   FA preserved by Cecilia O'Connor on 2/5/18 @ 2:30pm, JNV","PST","PST",2018-01-29 18:50:00,"UTC",NA,14.1,NA,"MEMBR","R",NA,NA,NA,NA,NA,NA,NA,NA,"USGS-WRD"
"USGS","12510500",2018-02-27,"11:40",NA,NA,"K","USGS-WRD","WS","CCYKSW",NA,NA,NA,"9","9","9",NA,"PST","PST",2018-02-27 19:40:00,"UTC",NA,14.7,NA,"MEMBR","R",NA,NA,NA,NA,NA,NA,NA,NA,"USGS-WRD"
"USGS","12510500",2018-03-14,"08:30",NA,NA,"K","USGS-WRD","WS","CCYKSW",NA,NA,NA,"9","9","9",NA,"PDT","PDT",2018-03-14 15:30:00,"UTC",NA,12.9,NA,"MEMBR","R",NA,NA,NA,NA,NA,NA,NA,NA,"USGS-WRD"
"USGS","12510500",2018-03-27,"10:10",NA,NA,"K","USGS-WRD","WS","CCYKSW",NA,NA,NA,"9","9","9",NA,"PDT","PDT",2018-03-27 17:10:00,"UTC",NA,14.9,NA,"MEMBR","R",NA,NA,NA,NA,NA,NA,NA,NA,"USGS-WRD"
"USGS","12510500",2018-04-10,"10:10",NA,NA,"K","USGS-WRD","WS","CCYKSW",NA,NA,NA,"9","9","9",NA,"PDT","PDT",2018-04-10 17:10:00,"UTC",NA,13.3,NA,"MEMBR","R",NA,NA,NA,NA,NA,NA,NA,NA,"USGS-WRD"
"USGS","12510500",2018-04-26,"10:30",NA,NA,"K","USGS-WRD","WS","CCYKSW",NA,NA,NA,"9","9","9",NA,"PDT","PDT",2018-04-26 17:30:00,"UTC",NA,12.2,NA,"MEMBR","R",NA,NA,NA,NA,NA,NA,NA,NA,"USGS-WRD"
"USGS","12510500",2018-05-07,"11:10",NA,NA,"K","USGS-WRD","WS","CCYKSW",NA,NA,NA,"9","9","9",NA,"PDT","PDT",2018-05-07 18:10:00,"UTC",NA,12.9,NA,"MEMBR","R",NA,NA,NA,NA,NA,NA,NA,NA,"USGS-WRD"
"USGS","12510500",2018-05-22,"08:00",NA,NA,"K","USGS-WRD","WS","CCYKSW",NA,NA,NA,"6","9","9",NA,"PDT","PDT",2018-05-22 15:00:00,"UTC",NA,10,NA,"MEMBR","R",NA,NA,NA,NA,NA,NA,NA,NA,"USGS-WRD"
"USGS","12510500",2018-06-06,"11:00",NA,NA,"K","USGS-WRD","WS","CCYKSW",NA,NA,NA,"9","9","9",NA,"PDT","PDT",2018-06-06 18:00:00,"UTC",NA,11.6,NA,"MEMBR","R",NA,NA,NA,NA,NA,NA,NA,NA,"USGS-WRD"
"USGS","12510500",2018-06-25,"10:30",NA,NA,"K","USGS-WRD","WS","CCYKSW",NA,NA,NA,"4","9","9",NA,"PDT","PDT",2018-06-25 17:30:00,"UTC",NA,9.7,NA,"MEMBR","R",NA,NA,NA,NA,NA,NA,NA,NA,"USGS-WRD"
"USGS","12510500",2018-07-09,"10:40",NA,NA,"K","USGS-WRD","WS","CCYKSW",NA,NA,NA,"4","9","9",NA,"PDT","PDT",2018-07-09 17:40:00,"UTC",NA,10.1,NA,"MEMBR","R",NA,NA,NA,NA,NA,NA,NA,NA,"USGS-WRD"
"USGS","12510500",2018-08-06,"10:20",NA,NA,"K","USGS-WRD","WS","CCYKSW",NA,NA,NA,"4","9","9","L-2420114 Analyses deleted because of a bottle mix-up.  Samples re-logged. 8/30/2018 mec","PDT","PDT",2018-08-06 17:20:00,"UTC",NA,10.6,NA,"MEMBR","R",NA,NA,NA,NA,NA,NA,NA,NA,"USGS-WRD"
"USGS","12510500",2018-08-22,"09:20",NA,NA,"K","USGS-WRD","WS","CCYKSW",NA,NA,NA,"4","9","9",NA,"PDT","PDT",2018-08-22 16:20:00,"UTC",NA,8.9,NA,"MEMBR","R",NA,NA,NA,NA,NA,NA,NA,NA,"USGS-WRD"
"USGS","12510500",2018-09-10,"11:00",NA,NA,"K","USGS-WRD","WS","CCYKSW",NA,NA,NA,"4","9","9",NA,"PDT","PDT",2018-09-10 18:00:00,"UTC",NA,10.7,NA,"MEMBR","R",NA,NA,NA,NA,NA,NA,NA,NA,"USGS-WRD"
"USGS","12510500",2018-10-11,"09:40",NA,NA,"K","USGS-WRD","WS","CCYKSW",NA,NA,NA,"4","9","9",NA,"PDT","PDT",2018-10-11 16:40:00,"UTC",NA,10.2,NA,"MEMBR","R",NA,NA,NA,NA,NA,NA,NA,NA,"USGS-WRD"
"USGS","12510500",2018-11-06,"08:20",NA,NA,"K","USGS-WRD","WS","CCYKSW",NA,NA,NA,"4","9","9",NA,"PST","PST",2018-11-06 16:20:00,"UTC",NA,10.7,NA,"MEMBR","R",NA,NA,NA,NA,NA,NA,NA,NA,"USGS-WRD"
"USGS","12510500",2018-12-20,"08:20",NA,NA,"K","USGS-WRD","WS","CCYKSW",NA,NA,NA,"4","9","9","L-3550304 LC2625 deleted HM 2/7/19 LC 2629 deleted HM 2/7/19","PST","PST",2018-12-20 16:20:00,"UTC",NA,11.7,NA,"MEMBR","R",NA,NA,NA,NA,NA,NA,NA,NA,"USGS-WRD"
"USGS","12510500",2019-01-31,"09:00",NA,NA,"K","USGS-WRD","WS","CCYKSW",NA,NA,NA,"4","9","9","L-0380010 FED EX LATE DELIVERY. OK to login warm samples per W. Landrum. Chilled containers received warm at 13.9  Degrees C","PST","PST",2019-01-31 17:00:00,"UTC",NA,11.9,NA,"MEMBR","R",NA,NA,NA,NA,NA,NA,NA,NA,"USGS-WRD"
"USGS","12510500",2019-03-12,"09:30",NA,NA,"K","USGS-WRD","WS","CCYKSW",NA,NA,NA,"9","9","9","L-0720025 Updated MC/ST from WSQ/1 per W. Landrum. JPC 3/19/19","PDT","PDT",2019-03-12 16:30:00,"UTC",NA,12.7,NA,"MEMBR","R",NA,NA,NA,NA,NA,NA,NA,NA,"USGS-WRD"
"USGS","12510500",2019-03-27,"10:40",NA,NA,"K","USGS-WRD","WS","CCYKSW",NA,NA,NA,"6","9","9",NA,"PDT","PDT",2019-03-27 17:40:00,"UTC",NA,11.5,NA,"MEMBR","R",NA,NA,NA,NA,NA,NA,NA,NA,"USGS-WRD"
"USGS","12510500",2019-04-17,"06:50",NA,NA,"K","USGS-WRD","WS","CCYKSW",NA,NA,NA,"9","9","9",NA,"PDT","PDT",2019-04-17 13:50:00,"UTC",NA,10.5,NA,"MEMBR","R",NA,NA,NA,NA,NA,NA,NA,NA,"USGS-WRD"
"USGS","12510500",2019-04-30,"10:40",NA,NA,"K","USGS-WRD","WS","CCYKSW",NA,NA,NA,"9","9","9",NA,"PDT","PDT",2019-04-30 17:40:00,"UTC",NA,10.6,NA,"MEMBR","R",NA,NA,NA,NA,NA,NA,NA,NA,"USGS-WRD"
"USGS","12510500",2019-05-07,"08:10",NA,NA,"K","USGS-WRD","WS","CCYKSW",NA,NA,NA,"9","9","9",NA,"PDT","PDT",2019-05-07 15:10:00,"UTC",NA,9.2,NA,"MEMBR","R",NA,NA,NA,NA,NA,NA,NA,NA,"USGS-WRD"
"USGS","12510500",2019-05-17,"10:50",NA,NA,"K","USGS-WRD","WS","CCYKSW",NA,NA,NA,"9","9","9",NA,"PDT","PDT",2019-05-17 17:50:00,"UTC",NA,10.5,NA,"MEMBR","R",NA,NA,NA,NA,NA,NA,NA,NA,"USGS-WRD"
"USGS","12510500",2019-06-04,"08:10",NA,NA,"K","USGS-WRD","WS","CCYKSW",NA,NA,NA,"9","9","9",NA,"PDT","PDT",2019-06-04 15:10:00,"UTC",NA,8.4,NA,"MEMBR","R",NA,NA,NA,NA,NA,NA,NA,NA,"USGS-WRD"
"USGS","12510500",2019-06-24,"11:10",NA,NA,"K","USGS-WRD","WS","CCYKSW",NA,NA,NA,"9","9","9",NA,"PDT","PDT",2019-06-24 18:10:00,"UTC",NA,11.6,NA,"MEMBR","R",NA,NA,NA,NA,NA,NA,NA,NA,"USGS-WRD"
"USGS","12510500",2019-07-23,"09:40",NA,NA,"K","USGS-WRD","WS","CCYKSW",NA,NA,NA,"9","9","9",NA,"PDT","PDT",2019-07-23 16:40:00,"UTC",NA,7.3,NA,"LUMIN","R",NA,NA,NA,NA,NA,NA,NA,NA,"USGS-WRD"
"USGS","12510500",2019-07-29,"10:30",NA,NA,"K","USGS-WRD","WS","CCYKSW",NA,NA,NA,"9","9","9",NA,"PDT","PDT",2019-07-29 17:30:00,"UTC",NA,11.3,NA,"LUMIN","R",NA,NA,NA,NA,NA,NA,NA,NA,"USGS-WRD"
"USGS","12510500",2019-08-15,"08:40",NA,NA,"K","USGS-WRD","WS","CCYKSW",NA,NA,NA,"9","9","9",NA,"PDT","PDT",2019-08-15 15:40:00,"UTC",NA,8.2,NA,"LUMIN","R",NA,NA,NA,NA,NA,NA,NA,NA,"USGS-WRD"
"USGS","12510500",2019-08-26,"10:20",NA,NA,"K","USGS-WRD","WS","CCYKSW",NA,NA,NA,"9","9","9",NA,"PDT","PDT",2019-08-26 17:20:00,"UTC",NA,8.8,NA,"LUMIN","R",NA,NA,NA,NA,NA,NA,NA,NA,"USGS-WRD"
"USGS","12510500",2019-09-05,"09:00",NA,NA,"K","USGS-WRD","WS","CCYKSW",NA,NA,NA,"9","9","9",NA,"PDT","PDT",2019-09-05 16:00:00,"UTC",NA,6.8,NA,"LUMIN","R",NA,NA,NA,NA,NA,NA,NA,NA,"USGS-WRD"
"USGS","12510500",2019-10-02,"10:00",NA,NA,"K","USGS-WRD","WS","CCYKSW",NA,NA,NA,"9","9","9",NA,"PDT","PDT",2019-10-02 17:00:00,"UTC",NA,10.7,NA,"LUMIN","R",NA,NA,NA,NA,NA,NA,NA,NA,"USGS-WRD"
"USGS","12510500",2019-11-19,"10:40",NA,NA,"K","USGS-WRD","WS","CCYKSW",NA,NA,NA,"9","9","9",NA,"PST","PST",2019-11-19 18:40:00,"UTC",NA,11.9,NA,"LUMIN","R",NA,NA,NA,NA,NA,NA,NA,NA,"USGS-WRD"
"USGS","12510500",2019-12-17,"08:40",NA,NA,"K","USGS-WRD","WS","CCYKSW",NA,NA,NA,"9","9","9","L-3520107 Time on TPCN is 0850.","PST","PST",2019-12-17 16:40:00,"UTC",NA,12.8,NA,"LUMIN","R",NA,NA,NA,NA,NA,NA,NA,NA,"USGS-WRD"
"USGS","12510500",2020-01-15,"09:00",NA,NA,"K","USGS-WRD","WS","CCYKSW",NA,NA,NA,"9","9","9",NA,"PST","PST",2020-01-15 17:00:00,"UTC",NA,14.5,NA,"LUMIN","R",NA,NA,NA,NA,NA,NA,NA,NA,"USGS-WRD"
"USGS","12510500",2020-03-11,"08:40",NA,NA,"K","USGS-WRD","WS","CCYKSW",NA,NA,NA,"9","9","9",NA,"PDT","PDT",2020-03-11 15:40:00,"UTC",NA,11.5,NA,"LUMIN","R",NA,NA,NA,NA,NA,NA,NA,NA,"USGS-WRD"
"USGS","12510500",2020-03-26,"10:30",NA,NA,"K","USGS-WRD","WS","CCYKSW",NA,NA,NA,"9","9","9",NA,"PDT","PDT",2020-03-26 17:30:00,"UTC",NA,11.4,NA,"LUMIN","R",NA,NA,NA,NA,NA,NA,NA,NA,"USGS-WRD"
"USGS","12510500",2020-04-15,"07:00",NA,NA,"K","USGS-WRD","WS","CCYKSW",NA,NA,NA,"9","9","9",NA,"PDT","PDT",2020-04-15 14:00:00,"UTC",NA,9.5,NA,"LUMIN","R",NA,NA,NA,NA,NA,NA,NA,NA,"USGS-WRD"
"USGS","12510500",2020-04-21,"10:00",NA,NA,"K","USGS-WRD","WS","CCYKSW",NA,NA,NA,"9","9","9",NA,"PDT","PDT",2020-04-21 17:00:00,"UTC",NA,10,NA,"LUMIN","R",NA,NA,NA,NA,NA,NA,NA,NA,"USGS-WRD"
"USGS","12510500",2020-05-05,"07:40",NA,NA,"K","USGS-WRD","WS","CCYKSW",NA,NA,NA,"9","9","9",NA,"PDT","PDT",2020-05-05 14:40:00,"UTC",NA,13.3,NA,"MEMBR","R",NA,NA,NA,NA,NA,NA,NA,NA,"USGS-WRD"
"USGS","12510500",2020-05-18,"11:00",NA,NA,"K","USGS-WRD","WS","CCYKSW",NA,NA,NA,"9","9","9",NA,"PDT","PDT",2020-05-18 18:00:00,"UTC",NA,8.2,NA,"MEMBR","R",NA,NA,NA,NA,NA,NA,NA,NA,"USGS-WRD"
"USGS","12510500",2020-06-03,"07:50",NA,NA,"K","USGS-WRD","WS","CCYKSW",NA,NA,NA,"9","9","9",NA,"PDT","PDT",2020-06-03 14:50:00,"UTC",NA,9.1,NA,"MEMBR","R",NA,NA,NA,NA,NA,NA,NA,NA,"USGS-WRD"
"USGS","12510500",2020-06-30,"07:00",NA,NA,"K","USGS-WRD","WS","CCYKSW",NA,NA,NA,"9","9","9",NA,"PDT","PDT",2020-06-30 14:00:00,"UTC",NA,7.5,NA,"MEMBR","R",NA,NA,NA,NA,NA,NA,NA,NA,"USGS-WRD"
"USGS","12510500",2020-07-08,"07:10",NA,NA,"K","USGS-WRD","WS","CCYKSW",NA,NA,NA,"9","9","9",NA,"PDT","PDT",2020-07-08 14:10:00,"UTC",NA,7.2,NA,"MEMBR","R",NA,NA,NA,NA,NA,NA,NA,NA,"USGS-WRD"
"USGS","12510500",2020-07-28,"07:00",NA,NA,"K","USGS-WRD","WS","CCYKSW",NA,NA,NA,"9","9","9",NA,"PDT","PDT",2020-07-28 14:00:00,"UTC",NA,5.2,NA,"MEMBR","R",NA,NA,NA,NA,NA,NA,NA,NA,"USGS-WRD"
"USGS","12510500",2020-08-20,"10:30",NA,NA,"K","USGS-WRD","WS","CCYKSW",NA,NA,NA,"9","9","9",NA,"PDT","PDT",2020-08-20 17:30:00,"UTC",NA,8.6,NA,"MEMBR","R",NA,NA,NA,NA,NA,NA,NA,NA,"USGS-WRD"
"USGS","12510500",2020-08-25,"11:00",NA,NA,"K","USGS-WRD","WS","CCYKSW",NA,NA,NA,"9","9","9",NA,"PDT","PDT",2020-08-25 18:00:00,"UTC",NA,9.5,NA,"MEMBR","R",NA,NA,NA,NA,NA,NA,NA,NA,"USGS-WRD"
"USGS","12510500",2020-09-23,"09:50",NA,NA,"K","USGS-WRD","WS","CCYKSW",NA,NA,NA,"9","9","9",NA,"PDT","PDT",2020-09-23 16:50:00,"UTC",NA,8.3,NA,"MEMBR","R",NA,NA,NA,NA,NA,NA,NA,NA,"USGS-WRD"
"USGS","12510500",2020-10-13,"10:20",NA,NA,"K","USGS-WRD","WS","CCYKSW",NA,NA,NA,"9","9","9",NA,"PDT","PDT",2020-10-13 17:20:00,"UTC",NA,9,NA,"MEMBR","R",NA,NA,NA,NA,NA,NA,NA,NA,"USGS-WRD"
"USGS","12510500",2020-11-03,"10:00",NA,NA,"K","USGS-WRD","WS","CCYKSW",NA,NA,NA,"9","9","9",NA,"PST","PST",2020-11-03 18:00:00,"UTC",NA,11.5,NA,"MEMBR","R",NA,NA,NA,NA,NA,NA,NA,NA,"USGS-WRD"
"USGS","12510500",2021-01-07,"08:00",NA,NA,"K","USGS-WRD","WS","32GUMQP00",NA,NA,NA,"9","9","9",NA,"PST","PST",2021-01-07 16:00:00,"UTC",NA,12.1,NA,"LUMIN","S",NA,NA,NA,NA,NA,NA,NA,NA,"USGS-WRD"
"USGS","12510500",2021-02-18,"10:20",NA,NA,"K","USGS-WRD","WS","CCYKSW",NA,NA,NA,"9","9","9",NA,"PST","PST",2021-02-18 18:20:00,"UTC",NA,13.4,NA,NA,"R",NA,NA,NA,NA,NA,NA,NA,NA,"USGS-WRD"
"USGS","12510500",2021-03-09,"09:50",NA,NA,"K","USGS-WRD","WS","CCYKSW",NA,NA,NA,"9","9","9",NA,"PST","PST",2021-03-09 17:50:00,"UTC",NA,11.5,NA,NA,"R",NA,NA,NA,NA,NA,NA,NA,NA,"USGS-WRD"
"USGS","12510500",2021-03-23,"09:20",NA,NA,"K","USGS-WRD","WS","CCYKSW",NA,NA,NA,"9","9","9",NA,"PDT","PDT",2021-03-23 16:20:00,"UTC",NA,11.2,NA,NA,"R",NA,NA,NA,NA,NA,NA,NA,NA,"USGS-WRD"
"USGS","12510500",2021-04-06,"10:00",NA,NA,"K","USGS-WRD","WS","CCYKSW",NA,NA,NA,"9","9","9",NA,"PDT","PDT",2021-04-06 17:00:00,"UTC",NA,10.7,NA,NA,"R",NA,NA,NA,NA,NA,NA,NA,NA,"USGS-WRD"
"USGS","12510500",2021-04-20,"09:30",NA,NA,"K","USGS-WRD","WS","CCYKSW",NA,NA,NA,"9","9","9",NA,"PDT","PDT",2021-04-20 16:30:00,"UTC",NA,9.9,NA,NA,"R",NA,NA,NA,NA,NA,NA,NA,NA,"USGS-WRD"
"USGS","12510500",2021-05-04,"11:20",NA,NA,"K","USGS-WRD","WS","CCYKSW",NA,NA,NA,"9","9","9",NA,"PDT","PDT",2021-05-04 18:20:00,"UTC",NA,9.8,NA,NA,"R",NA,NA,NA,NA,NA,NA,NA,NA,"USGS-WRD"
"USGS","12510500",2021-05-18,"09:10",NA,NA,"K","USGS-WRD","WS","CCYKSW",NA,NA,NA,"9","9","9",NA,"PDT","PDT",2021-05-18 16:10:00,"UTC",NA,9.4,NA,NA,"S",NA,NA,NA,NA,NA,NA,NA,NA,"USGS-WRD"
"USGS","12510500",2021-06-15,"10:10",NA,NA,"K","USGS-WRD","WS","CCYKSW",NA,NA,NA,"9","9","9",NA,"PDT","PDT",2021-06-15 17:10:00,"UTC",NA,8.6,NA,NA,"S",NA,NA,NA,NA,NA,NA,NA,NA,"USGS-WRD"
"USGS","12510500",2021-07-07,"10:00",NA,NA,"K","USGS-WRD","WS","CCYKSW",NA,NA,NA,"9","9","9",NA,"PDT","PDT",2021-07-07 17:00:00,"UTC",NA,6.2,NA,NA,"S",NA,NA,NA,NA,NA,NA,NA,NA,"USGS-WRD"
"USGS","12510500",2021-07-27,"10:50",NA,NA,"K","USGS-WRD","WS","CCYKSW",NA,NA,NA,"9","9","9",NA,"PDT","PDT",2021-07-27 17:50:00,"UTC",NA,5.6,NA,NA,"S",NA,NA,NA,NA,NA,NA,NA,NA,"USGS-WRD"
"USGS","12510500",2021-08-10,"11:10",NA,NA,"K","USGS-WRD","WS","CCYKSW",NA,NA,NA,"9","9","9",NA,"PDT","PDT",2021-08-10 18:10:00,"UTC",NA,7.2,NA,NA,"S",NA,NA,NA,NA,NA,NA,NA,NA,"USGS-WRD"
"USGS","12510500",2021-08-24,"09:30",NA,NA,"K","USGS-WRD","WS","CCYKSW",NA,NA,NA,"9","9","9",NA,"PDT","PDT",2021-08-24 16:30:00,"UTC",NA,7.7,NA,NA,"S",NA,NA,NA,NA,NA,NA,NA,NA,"USGS-WRD"
"USGS","12510500",2021-09-07,"10:00",NA,NA,"K","USGS-WRD","WS","CCYKSW",NA,NA,NA,"9","9","9",NA,"PDT","PDT",2021-09-07 17:00:00,"UTC",NA,7.3,NA,NA,"S",NA,NA,NA,NA,NA,NA,NA,NA,"USGS-WRD"
"USGS","12510500",2021-11-03,"10:10",NA,NA,"K","USGS-WRD","WS","CCYKSW",NA,NA,NA,"9","9","9",NA,"PDT","PDT",2021-11-03 17:10:00,"UTC",NA,10.6,NA,NA,"S",NA,NA,NA,NA,NA,NA,NA,NA,"USGS-WRD"
"USGS","12510500",2021-12-07,"10:30",NA,NA,"K","USGS-WRD","WS","CCYKSW",NA,NA,NA,"9","9","9",NA,"PDT","PDT",2021-12-07 17:30:00,"UTC",NA,12.2,NA,NA,"S",NA,NA,NA,NA,NA,NA,NA,NA,"USGS-WRD"
